-- MySQL dump 10.13  Distrib 8.0.28, for Linux (x86_64)
--
-- Host: localhost    Database: horarios
-- ------------------------------------------------------
-- Server version	8.0.28

/*!40101 SET @OLD_CHARACTER_SET_CLIENT=@@CHARACTER_SET_CLIENT */;
/*!40101 SET @OLD_CHARACTER_SET_RESULTS=@@CHARACTER_SET_RESULTS */;
/*!40101 SET @OLD_COLLATION_CONNECTION=@@COLLATION_CONNECTION */;
/*!50503 SET NAMES utf8mb4 */;
/*!40103 SET @OLD_TIME_ZONE=@@TIME_ZONE */;
/*!40103 SET TIME_ZONE='+00:00' */;
/*!40014 SET @OLD_UNIQUE_CHECKS=@@UNIQUE_CHECKS, UNIQUE_CHECKS=0 */;
/*!40014 SET @OLD_FOREIGN_KEY_CHECKS=@@FOREIGN_KEY_CHECKS, FOREIGN_KEY_CHECKS=0 */;
/*!40101 SET @OLD_SQL_MODE=@@SQL_MODE, SQL_MODE='NO_AUTO_VALUE_ON_ZERO' */;
/*!40111 SET @OLD_SQL_NOTES=@@SQL_NOTES, SQL_NOTES=0 */;

--
-- Current Database: `horarios`
--

CREATE DATABASE /*!32312 IF NOT EXISTS*/ `horarios` /*!40100 DEFAULT CHARACTER SET utf8mb4 COLLATE utf8mb4_0900_ai_ci */ /*!80016 DEFAULT ENCRYPTION='N' */;

USE `horarios`;

--
-- Table structure for table `ambientes`
--

DROP TABLE IF EXISTS `ambientes`;
/*!40101 SET @saved_cs_client     = @@character_set_client */;
/*!50503 SET character_set_client = utf8mb4 */;
CREATE TABLE `ambientes` (
  `id` int unsigned NOT NULL AUTO_INCREMENT,
  `nombre` varchar(255) CHARACTER SET utf8mb4 COLLATE utf8mb4_unicode_ci NOT NULL,
  `tipo` varchar(255) CHARACTER SET utf8mb4 COLLATE utf8mb4_unicode_ci NOT NULL,
  `capacidad` int unsigned DEFAULT NULL,
  `descripcion` varchar(255) CHARACTER SET utf8mb4 COLLATE utf8mb4_unicode_ci DEFAULT NULL,
  `created_at` timestamp NULL DEFAULT NULL,
  `updated_at` timestamp NULL DEFAULT NULL,
  PRIMARY KEY (`id`)
) ENGINE=InnoDB AUTO_INCREMENT=14 DEFAULT CHARSET=utf8mb4 COLLATE=utf8mb4_unicode_ci;
/*!40101 SET character_set_client = @saved_cs_client */;

--
-- Dumping data for table `ambientes`
--

LOCK TABLES `ambientes` WRITE;
/*!40000 ALTER TABLE `ambientes` DISABLE KEYS */;
INSERT INTO `ambientes` VALUES (1,'Aula 306','aula',30,NULL,NULL,NULL),(2,'Aula 307','aula',30,NULL,NULL,NULL),(3,'Aula 308','aula',20,NULL,NULL,NULL),(4,'Aula 305','aula',30,NULL,NULL,NULL),(5,'Lab. Comp.','laboratorio',30,NULL,NULL,'2021-07-28 15:33:32'),(6,'Aula Maestria','aula',40,NULL,NULL,NULL),(7,'Lab. ETN','laboratorio',30,NULL,NULL,'2021-07-04 03:24:23'),(8,'Aula 304','aula',50,NULL,NULL,NULL),(9,'Lab. Sistemas','laboratorio',15,NULL,NULL,'2021-07-28 15:33:43'),(10,'Lab. Control','laboratorio',15,NULL,NULL,'2021-07-28 15:33:49'),(11,'Lab. Telecom','laboratorio',15,NULL,NULL,'2021-07-28 15:34:00'),(12,'Aula Docentes','aula',20,NULL,NULL,NULL);
/*!40000 ALTER TABLE `ambientes` ENABLE KEYS */;
UNLOCK TABLES;

--
-- Table structure for table `clases`
--

DROP TABLE IF EXISTS `clases`;
/*!40101 SET @saved_cs_client     = @@character_set_client */;
/*!50503 SET character_set_client = utf8mb4 */;
CREATE TABLE `clases` (
  `id` int unsigned NOT NULL AUTO_INCREMENT,
  `materia_id` int unsigned NOT NULL,
  `responsable_id` int unsigned NOT NULL DEFAULT '0',
  `ambiente_id` int unsigned NOT NULL,
  `periodo_id` int unsigned NOT NULL,
  `dia` varchar(255) CHARACTER SET utf8mb4 COLLATE utf8mb4_unicode_ci NOT NULL,
  `hora_ini` varchar(255) CHARACTER SET utf8mb4 COLLATE utf8mb4_unicode_ci NOT NULL,
  `hora_fin` varchar(255) CHARACTER SET utf8mb4 COLLATE utf8mb4_unicode_ci NOT NULL,
  `color` varchar(255) CHARACTER SET utf8mb4 COLLATE utf8mb4_unicode_ci NOT NULL,
  `nivel` varchar(255) CHARACTER SET utf8mb4 COLLATE utf8mb4_unicode_ci NOT NULL,
  `paralelo` varchar(10) CHARACTER SET utf8mb4 COLLATE utf8mb4_unicode_ci NOT NULL DEFAULT 'A',
  `estado` varchar(50) CHARACTER SET utf8mb4 COLLATE utf8mb4_unicode_ci NOT NULL DEFAULT 'false',
  `deleted_at` varchar(100) CHARACTER SET utf8mb4 COLLATE utf8mb4_unicode_ci DEFAULT NULL,
  `created_at` varchar(100) CHARACTER SET utf8mb4 COLLATE utf8mb4_unicode_ci DEFAULT NULL,
  `updated_at` varchar(100) CHARACTER SET utf8mb4 COLLATE utf8mb4_unicode_ci DEFAULT NULL,
  PRIMARY KEY (`id`),
  KEY `clases_materia_id_foreign` (`materia_id`),
  KEY `clases_responsable_id_foreign` (`responsable_id`),
  KEY `clases_ambiente_id_foreign` (`ambiente_id`),
  KEY `clases_periodo_id_foreign` (`periodo_id`),
  CONSTRAINT `clases_ambiente_id_foreign` FOREIGN KEY (`ambiente_id`) REFERENCES `ambientes` (`id`),
  CONSTRAINT `clases_materia_id_foreign` FOREIGN KEY (`materia_id`) REFERENCES `materias` (`id`),
  CONSTRAINT `clases_periodo_id_foreign` FOREIGN KEY (`periodo_id`) REFERENCES `periodos` (`id`),
  CONSTRAINT `clases_responsable_id_foreign` FOREIGN KEY (`responsable_id`) REFERENCES `responsables` (`id`)
) ENGINE=InnoDB AUTO_INCREMENT=367 DEFAULT CHARSET=utf8mb4 COLLATE=utf8mb4_unicode_ci;
/*!40101 SET character_set_client = @saved_cs_client */;

--
-- Dumping data for table `clases`
--

LOCK TABLES `clases` WRITE;
/*!40000 ALTER TABLE `clases` DISABLE KEYS */;
INSERT INTO `clases` VALUES (1,8,394,3,2,'2','13:00','14:30','#0066CC','docente','A','true',NULL,NULL,NULL),(2,8,374,4,2,'6','08:00','11:30','#006600','docente','B','true',NULL,NULL,NULL),(3,8,394,1,2,'4','13:00','14:30','#0066CC','docente','A','true',NULL,NULL,NULL),(4,14,404,2,2,'2','07:45','09:15','#0066CC','docente','A','true',NULL,NULL,NULL),(5,14,404,2,2,'3','16:30','18:00','#0066CC','docente','A','true',NULL,NULL,NULL),(7,21,412,8,2,'2','11:15','12:45','#0066CC','docente','A','true',NULL,NULL,NULL),(8,21,412,1,2,'3','07:45','09:15','#0066CC','docente','A','true',NULL,NULL,NULL),(9,19,371,3,2,'3','09:30','11:00','#0066CC','docente','B','true',NULL,NULL,NULL),(10,19,371,2,2,'3','11:15','12:45','#0066CC','docente','A','true',NULL,NULL,NULL),(11,20,371,2,2,'3','13:00','14:30','#0066CC','docente','B','true',NULL,NULL,NULL),(12,19,371,2,2,'4','09:30','11:00','#0066CC','docente','A','true',NULL,NULL,NULL),(13,19,371,2,2,'4','11:15','12:45','#0066CC','docente','B','true',NULL,NULL,NULL),(14,20,371,2,2,'4','13:00','14:30','#0066CC','docente','B','true',NULL,NULL,NULL),(16,20,413,8,2,'5','14:30','16:00','#0066CC','docente','A','true',NULL,NULL,NULL),(17,22,400,6,2,'2','13:00','14:30','#0066CC','docente','A','true',NULL,NULL,NULL),(18,21,413,8,2,'4','16:00','17:30','#0066CC','docente','A','true',NULL,NULL,NULL),(19,22,400,6,2,'5','13:00','14:30','#0066CC','docente','A','true',NULL,NULL,NULL),(20,22,409,5,2,'1','09:30','11:00','#006600','docente','A','true',NULL,NULL,NULL),(21,22,409,5,2,'2','07:45','09:15','#006600','docente','A','true',NULL,NULL,NULL),(22,8,394,3,3,'2','13:00','14:30','#0066CC','docente','A','true','','',''),(23,8,374,4,3,'6','08:00','11:30','#0066CC','docente','B','true','','',''),(24,8,394,1,3,'4','13:00','14:30','#0066CC','docente','A','true','','',''),(25,14,404,2,3,'2','07:45','09:15','#0066CC','docente','A','true','','',''),(26,14,404,2,3,'3','16:30','18:00','#0066CC','docente','A','true','','',''),(27,20,1,4,3,'1','13:00','14:30','#0066CC','docente','A','true','','',''),(28,21,412,8,3,'2','11:15','12:45','#0066CC','docente','A','true','','',''),(29,21,412,1,3,'3','07:45','09:15','#0066CC','docente','A','true','','',''),(30,19,371,3,3,'3','09:30','11:00','#0066CC','docente','B','true','','',''),(31,19,371,2,3,'3','11:15','12:45','#0066CC','docente','A','true','','',''),(32,20,371,2,3,'3','13:00','14:30','#0066CC','docente','B','true','','',''),(33,19,371,2,3,'4','09:30','11:00','#0066CC','docente','A','true','','',''),(34,19,371,2,3,'4','11:15','12:45','#0066CC','docente','B','true','','',''),(35,20,371,2,3,'4','13:00','14:30','#0066CC','docente','B','true','','',''),(36,20,1,4,3,'5','11:15','12:45','#0066CC','docente','A','true','','',''),(37,20,413,8,3,'5','14:30','16:00','#0066CC','docente','A','true','','',''),(38,22,400,6,3,'2','13:00','14:30','#0066CC','docente','A','true','','',''),(39,21,413,8,3,'4','16:00','17:30','#0066CC','docente','A','true','','',''),(40,22,400,6,3,'5','13:00','14:30','#0066CC','docente','A','true','','',''),(41,22,409,5,3,'1','09:30','11:00','#006600','docente','A','true','','',''),(42,22,409,5,3,'2','07:45','09:15','#006600','docente','A','true','','',''),(43,28,397,8,2,'1','07:45','09:15','#0066CC','docente','B','true',NULL,NULL,NULL),(44,28,397,8,3,'1','07:45','09:15','#0066CC','docente','B','true',NULL,NULL,NULL),(45,28,397,8,2,'2','07:45','09:15','#0066CC','docente','B','true',NULL,NULL,NULL),(46,28,397,8,3,'2','07:45','09:15','#0066CC','docente','B','true',NULL,NULL,''),(47,28,397,8,2,'4','07:45','09:15','#0066CC','docente','B','true',NULL,NULL,NULL),(48,28,397,8,3,'4','07:45','09:15','#0066CC','docente','B','true',NULL,NULL,NULL),(49,28,395,4,2,'5','07:45','09:15','#0066CC','docente','A','true',NULL,NULL,NULL),(50,28,395,4,3,'5','07:45','09:15','#0066CC','docente','A','true',NULL,NULL,NULL),(51,24,388,2,2,'1','11:15','12:45','#0066CC','docente','A','true',NULL,NULL,NULL),(52,24,388,2,3,'1','11:15','12:45','#0066CC','docente','A','true',NULL,NULL,NULL),(53,31,393,6,2,'2','11:15','12:45','#0066CC','docente','A','true',NULL,NULL,NULL),(54,31,393,6,3,'2','11:15','12:45','#0066CC','docente','A','true',NULL,NULL,NULL),(56,28,395,1,3,'2','13:00','14:30','#0066CC','docente','A','true',NULL,NULL,NULL),(60,24,388,8,2,'2','14:45','16:15','#0066CC','docente','A','true',NULL,NULL,NULL),(61,24,388,8,3,'2','14:45','16:15','#0066CC','docente','A','true',NULL,NULL,NULL),(63,30,412,8,2,'3','11:15','12:45','#0066CC','docente','A','true',NULL,NULL,NULL),(64,30,412,8,3,'3','11:15','12:45','#0066CC','docente','A','true',NULL,NULL,NULL),(65,31,393,8,2,'3','13:00','14:30','#0066CC','docente','A','true',NULL,NULL,NULL),(66,31,393,8,3,'3','13:00','14:30','#0066CC','docente','A','true',NULL,NULL,NULL),(67,30,412,8,2,'4','11:15','12:45','#0066CC','docente','A','true',NULL,NULL,NULL),(68,30,412,8,3,'4','11:15','12:45','#0066CC','docente','A','true',NULL,NULL,NULL),(70,25,384,4,2,'1','19:00','20:30','#0066CC','docente','A','true',NULL,NULL,NULL),(71,25,384,4,3,'1','19:00','20:30','#0066CC','docente','A','true',NULL,NULL,NULL),(72,25,384,4,2,'2','19:00','20:30','#0066CC','docente','A','true',NULL,NULL,NULL),(73,25,384,4,3,'2','19:00','20:30','#0066CC','docente','A','true',NULL,NULL,NULL),(74,29,395,7,2,'1','17:30','20:30','#006600','docente','A','true',NULL,NULL,NULL),(75,29,395,7,3,'1','17:30','20:30','#006600','docente','A','true',NULL,NULL,NULL),(76,27,378,5,2,'2','09:30','11:00','#006600','docente','A','true',NULL,NULL,NULL),(77,27,378,5,3,'2','09:30','11:00','#006600','docente','A','true',NULL,NULL,NULL),(78,27,378,5,2,'4','09:30','11:00','#006600','docente','A','true',NULL,NULL,NULL),(79,27,378,5,3,'4','09:30','11:00','#006600','docente','A','true',NULL,NULL,NULL),(80,28,397,7,2,'4','14:00','17:00','#006600','docente','A','true',NULL,NULL,NULL),(81,28,397,7,3,'4','14:00','17:00','#006600','docente','A','true',NULL,NULL,NULL),(83,25,1,7,3,'5','11:00','13:45','#006600','docente','A','true',NULL,NULL,NULL),(86,25,1,7,3,'5','17:00','20:00','#006600','docente','A','true',NULL,NULL,NULL),(87,34,397,8,2,'1','09:30','11:00','#0066CC','docente','A','true',NULL,NULL,NULL),(88,34,397,8,3,'1','09:30','11:00','#0066CC','docente','A','true',NULL,NULL,NULL),(89,36,403,8,2,'1','11:15','12:45','#0066CC','docente','A','true',NULL,NULL,NULL),(90,36,403,8,3,'1','11:15','12:45','#0066CC','docente','A','true',NULL,NULL,NULL),(91,38,400,1,2,'2','09:30','11:00','#0066CC','docente','A','true',NULL,NULL,NULL),(92,38,400,1,3,'2','09:30','11:00','#0066CC','docente','A','true',NULL,NULL,NULL),(95,34,397,8,2,'3','07:45','09:15','#0066CC','docente','A','true',NULL,NULL,NULL),(96,34,397,8,3,'3','07:45','09:15','#0066CC','docente','A','true',NULL,NULL,NULL),(97,33,405,2,2,'3','09:30','11:00','#0066CC','docente','A','true',NULL,NULL,NULL),(98,33,405,2,3,'3','09:30','11:00','#0066CC','docente','A','true',NULL,NULL,NULL),(101,32,1,4,3,'2','13:00','14:30','#0066CC','docente','A','true',NULL,NULL,NULL),(102,34,397,7,2,'3','14:00','17:00','#006600','docente','A','true',NULL,NULL,NULL),(103,34,397,7,3,'3','14:00','17:00','#006600','docente','A','true',NULL,NULL,NULL),(104,33,405,1,2,'4','09:30','11:00','#0066CC','docente','A','true',NULL,NULL,NULL),(105,33,405,1,3,'4','09:30','11:00','#0066CC','docente','A','true',NULL,NULL,NULL),(106,34,397,8,2,'5','07:45','09:15','#0066CC','docente','A','true',NULL,NULL,NULL),(107,34,397,8,3,'5','09:30','11:00','#0066CC','docente','A','true',NULL,NULL,NULL),(109,32,1,4,3,'5','13:00','14:30','#0066CC','docente','A','true',NULL,NULL,NULL),(110,36,403,8,2,'6','11:45','13:15','#0066CC','docente','A','true',NULL,NULL,NULL),(111,36,403,8,3,'6','11:45','13:15','#0066CC','docente','A','true',NULL,NULL,NULL),(112,37,403,9,2,'1','14:00','17:00','#006600','docente','A','true',NULL,NULL,NULL),(113,37,403,9,3,'1','14:00','17:00','#006600','docente','A','true',NULL,NULL,NULL),(114,37,403,9,2,'5','14:00','17:00','#006600','docente','A','true',NULL,NULL,NULL),(115,37,403,9,3,'5','14:00','17:00','#006600','docente','A','true',NULL,NULL,NULL),(116,41,373,4,2,'1','07:45','09:15','#0066CC','docente','A','true',NULL,NULL,NULL),(117,41,373,4,3,'1','07:45','09:15','#0066CC','docente','A','true',NULL,NULL,NULL),(118,43,392,8,2,'1','15:00','16:30','#0066CC','docente','A','true',NULL,NULL,NULL),(119,43,392,8,3,'1','15:00','16:30','#0066CC','docente','A','true',NULL,NULL,NULL),(120,45,391,2,2,'1','16:30','18:00','#0066CC','docente','A','true',NULL,NULL,NULL),(121,45,391,2,3,'1','16:30','18:00','#0066CC','docente','A','true',NULL,NULL,NULL),(122,39,376,3,2,'2','07:45','09:15','#0066CC','docente','A','true',NULL,NULL,NULL),(123,39,376,3,3,'2','07:45','09:15','#0066CC','docente','A','true',NULL,NULL,NULL),(124,47,397,4,2,'2','09:30','11:00','#0066CC','docente','B','true',NULL,NULL,NULL),(125,47,397,4,3,'2','09:30','11:00','#0066CC','docente','B','true',NULL,NULL,NULL),(126,47,376,3,2,'3','07:45','09:15','#0066CC','docente','A','true',NULL,NULL,NULL),(127,47,376,3,3,'3','07:45','09:15','#0066CC','docente','A','true',NULL,NULL,NULL),(128,41,373,8,2,'3','09:30','11:00','#0066CC','docente','A','true',NULL,NULL,NULL),(129,41,373,8,3,'3','09:30','11:00','#0066CC','docente','A','true',NULL,NULL,NULL),(130,43,392,4,2,'3','15:00','17:00','#0066CC','docente','A','true',NULL,NULL,NULL),(131,43,392,4,3,'3','15:00','17:00','#0066CC','docente','A','true',NULL,NULL,NULL),(132,39,376,3,2,'4','07:45','09:15','#0066CC','docente','A','true',NULL,NULL,NULL),(133,39,376,3,3,'4','07:45','09:15','#0066CC','docente','A','true',NULL,NULL,NULL),(134,45,391,8,2,'4','09:30','11:00','#0066CC','docente','A','true',NULL,NULL,NULL),(135,45,391,8,3,'4','09:30','11:00','#0066CC','docente','A','true',NULL,NULL,NULL),(136,47,376,3,2,'4','11:15','12:45','#0066CC','docente','A','true',NULL,NULL,NULL),(137,47,376,3,3,'4','11:15','12:45','#0066CC','docente','A','true',NULL,NULL,NULL),(138,47,397,4,2,'5','09:30','11:00','#0066CC','docente','B','true',NULL,NULL,NULL),(139,47,397,4,3,'5','09:30','11:00','#0066CC','docente','B','true',NULL,NULL,NULL),(140,46,391,7,2,'1','11:15','14:00','#006600','docente','A','true',NULL,NULL,NULL),(141,46,391,7,3,'1','11:15','14:00','#006600','docente','A','true',NULL,NULL,NULL),(142,40,376,7,2,'2','14:00','16:45','#006600','docente','A','true',NULL,NULL,NULL),(143,40,376,7,3,'2','14:00','16:45','#006600','docente','A','true',NULL,NULL,NULL),(144,46,391,7,2,'3','11:15','13:45','#006600','docente','A','true',NULL,NULL,NULL),(145,46,391,7,3,'3','11:15','13:45','#006600','docente','A','true',NULL,NULL,NULL),(146,44,381,11,2,'4','17:30','20:30','#006600','docente','A','true',NULL,NULL,NULL),(147,44,381,11,3,'4','17:30','20:30','#006600','docente','A','true',NULL,NULL,NULL),(148,42,405,10,2,'5','14:00','17:00','#006600','docente','A','true',NULL,NULL,NULL),(149,42,405,1,3,'5','14:00','17:00','#006600','docente','A','true',NULL,NULL,NULL),(150,44,381,11,2,'5','17:30','20:30','#006600','docente','A','true',NULL,NULL,NULL),(151,44,381,11,3,'5','17:30','20:30','#006600','docente','A','true',NULL,NULL,NULL),(173,93,414,10,2,'1','3:00 PM','4:30 PM','#00FF00','auxiliar','A','true',NULL,NULL,NULL),(174,93,414,10,3,'1','3:00 PM','4:30 PM','#00FF00','auxiliar','A','true',NULL,NULL,NULL),(175,48,382,2,2,'1','07:45','09:15','#0066CC','docente','A','true',NULL,NULL,NULL),(176,48,382,2,3,'1','07:45','09:15','#0066CC','docente','A','true',NULL,NULL,NULL),(179,48,382,4,2,'2','07:45','09:15','#0066CC','docente','A','true',NULL,NULL,NULL),(180,48,382,4,3,'2','07:45','09:15','#0066CC','docente','A','true',NULL,NULL,NULL),(181,60,406,4,2,'3','07:45','09:15','#0066CC','docente','A','true',NULL,NULL,NULL),(182,60,406,4,3,'3','07:45','09:15','#0066CC','docente','A','true',NULL,NULL,NULL),(183,60,406,8,2,'2','09:30','11:00','#0066CC','docente','A','true',NULL,NULL,NULL),(184,60,406,8,3,'2','09:30','11:00','#0066CC','docente','A','true',NULL,NULL,NULL),(185,49,402,2,2,'5','09:30','11:00','#0066CC','docente','A','true',NULL,NULL,NULL),(186,49,402,2,3,'5','09:30','11:00','#0066CC','docente','A','true',NULL,NULL,NULL),(187,49,402,8,2,'1','13:00','14:30','#0066CC','docente','A','true',NULL,NULL,NULL),(188,49,402,8,3,'1','13:00','14:30','#0066CC','docente','A','true',NULL,NULL,NULL),(189,55,377,8,2,'5','11:15','12:45','#0066CC','docente','A','true',NULL,NULL,NULL),(190,55,377,8,3,'5','11:15','12:45','#0066CC','docente','A','true',NULL,NULL,NULL),(191,51,401,1,2,'5','14:45','16:15','#0066CC','docente','A','true',NULL,NULL,NULL),(192,51,401,1,3,'5','14:45','16:15','#0066CC','docente','A','true',NULL,NULL,NULL),(193,50,402,7,2,'1','14:30','17:30','#006600','docente','A','true',NULL,NULL,NULL),(194,50,402,7,3,'1','14:30','17:30','#006600','docente','A','true',NULL,NULL,NULL),(195,51,401,5,2,'4','07:45','09:15','#006600','docente','A','true',NULL,NULL,NULL),(196,51,401,5,3,'4','07:45','09:15','#006600','docente','A','true',NULL,NULL,NULL),(197,55,377,9,2,'4','11:15','12:45','#006600','docente','A','true',NULL,NULL,NULL),(198,55,377,9,3,'4','11:15','12:45','#006600','docente','A','true',NULL,NULL,NULL),(199,50,402,7,2,'5','14:00','16:15','#006600','docente','A','true',NULL,NULL,NULL),(200,50,402,7,3,'5','14:00','16:15','#006600','docente','A','true',NULL,NULL,NULL),(201,55,377,7,2,'6','08:00','11:00','#006600','docente','A','true',NULL,NULL,NULL),(202,55,377,7,3,'6','08:00','11:00','#006600','docente','A','true',NULL,NULL,NULL),(203,54,391,2,2,'1','09:30','11:00','#0066CC','docente','A','true',NULL,NULL,NULL),(204,54,391,2,3,'1','09:30','11:00','#0066CC','docente','A','true',NULL,NULL,NULL),(205,57,376,3,2,'2','09:30','11:00','#0066CC','docente','A','true',NULL,NULL,NULL),(206,57,376,3,3,'2','09:30','11:00','#0066CC','docente','A','true',NULL,NULL,NULL),(207,57,376,6,2,'3','09:30','11:00','#0066CC','docente','A','true',NULL,NULL,NULL),(208,57,376,6,3,'3','09:30','11:00','#0066CC','docente','A','true',NULL,NULL,NULL),(209,54,391,5,2,'4','11:15','12:45','#006600','docente','A','true',NULL,NULL,NULL),(210,54,391,5,3,'4','11:15','12:45','#006600','docente','A','true',NULL,NULL,NULL),(211,58,376,10,2,'4','14:00','17:00','#006600','docente','A','true',NULL,NULL,NULL),(212,58,376,10,3,'4','14:00','15:30','#006600','docente','A','true',NULL,NULL,NULL),(213,59,396,1,2,'1','09:30','11:00','#0066CC','docente','A','true',NULL,NULL,NULL),(214,59,396,1,3,'1','09:30','11:00','#0066CC','docente','A','true',NULL,NULL,NULL),(215,59,396,4,2,'3','11:15','12:45','#0066CC','docente','A','true',NULL,NULL,NULL),(216,59,396,4,3,'3','11:15','12:45','#0066CC','docente','A','true',NULL,NULL,NULL),(217,59,396,7,2,'2','08:00','10:45','#006600','docente','A','true',NULL,NULL,NULL),(218,59,396,7,3,'2','08:00','10:45','#006600','docente','A','true',NULL,NULL,NULL),(219,66,373,4,2,'1','09:30','11:00','#0066CC','docente','A','true',NULL,NULL,NULL),(220,66,373,4,3,'1','09:30','11:00','#0066CC','docente','A','true',NULL,NULL,NULL),(221,73,400,1,2,'2','11:15','12:45','#0066CC','docente','A','true',NULL,NULL,NULL),(222,73,400,1,3,'2','11:15','12:45','#0066CC','docente','A','true',NULL,NULL,NULL),(223,76,381,8,2,'2','13:00','14:30','#0066CC','docente','A','true',NULL,NULL,NULL),(224,76,381,8,3,'2','13:00','14:30','#0066CC','docente','A','true',NULL,NULL,NULL),(225,62,405,2,2,'3','07:45','09:15','#0066CC','docente','A','true',NULL,NULL,NULL),(226,62,405,2,3,'3','07:45','09:15','#0066CC','docente','A','true',NULL,NULL,NULL),(227,76,381,1,2,'4','07:45','09:15','#0066CC','docente','A','true',NULL,NULL,NULL),(228,76,381,1,3,'4','07:45','09:15','#0066CC','docente','A','true',NULL,NULL,NULL),(229,66,373,4,2,'4','09:30','11:00','#0066CC','docente','A','true',NULL,NULL,NULL),(230,66,373,4,3,'4','09:30','11:00','#0066CC','docente','A','true',NULL,NULL,NULL),(231,73,400,4,2,'4','11:15','12:45','#0066CC','docente','A','true',NULL,NULL,NULL),(232,73,400,4,3,'4','11:15','12:45','#0066CC','docente','A','true',NULL,NULL,NULL),(233,62,405,2,2,'5','07:45','09:15','#0066CC','docente','A','true',NULL,NULL,NULL),(234,62,405,2,3,'5','07:45','09:15','#0066CC','docente','A','true',NULL,NULL,NULL),(235,74,415,8,2,'5','13:00','14:30','#0066CC','docente','A','true',NULL,NULL,NULL),(236,74,415,8,3,'5','13:00','14:30','#0066CC','docente','A','true',NULL,NULL,NULL),(237,74,415,8,2,'6','07:45','09:15','#0066CC','docente','A','true',NULL,NULL,NULL),(238,74,415,8,3,'6','07:45','09:15','#0066CC','docente','A','true',NULL,NULL,NULL),(239,75,416,11,2,'1','11:00','13:45','#006600','docente','A','true',NULL,NULL,NULL),(240,75,416,11,3,'1','11:00','13:45','#006600','docente','A','true',NULL,NULL,NULL),(241,66,373,5,2,'2','14:00','17:00','#006600','docente','A','true',NULL,NULL,NULL),(242,66,373,5,3,'2','14:00','17:00','#006600','docente','A','true',NULL,NULL,NULL),(243,63,405,5,2,'4','14:00','17:00','#006600','docente','A','true',NULL,NULL,NULL),(244,63,405,5,3,'4','14:00','17:00','#006600','docente','A','true',NULL,NULL,NULL),(245,70,375,3,2,'1','14:45','16:15','#0066CC','docente','A','true',NULL,NULL,NULL),(246,70,375,3,3,'1','14:45','16:15','#0066CC','docente','A','true',NULL,NULL,NULL),(247,72,398,1,2,'5','11:15','12:45','#0066CC','docente','A','true',NULL,NULL,NULL),(248,72,398,1,3,'5','11:15','12:45','#0066CC','docente','A','true',NULL,NULL,NULL),(249,70,375,3,2,'5','13:00','14:30','#006600','docente','A','true',NULL,NULL,NULL),(250,70,375,3,3,'5','13:00','14:30','#006600','docente','A','true',NULL,NULL,NULL),(251,72,398,1,2,'5','17:00','18:30','#006600','docente','A','true',NULL,NULL,NULL),(252,72,398,1,3,'5','17:00','18:30','#006600','docente','A','true',NULL,NULL,NULL),(253,71,375,10,2,'1','17:15','20:00','#006600','docente','A','true',NULL,NULL,NULL),(254,71,375,10,3,'1','17:15','20:00','#006600','docente','A','true',NULL,NULL,NULL),(255,69,405,5,2,'3','14:00','17:00','#006600','docente','A','true',NULL,NULL,NULL),(256,69,405,5,3,'3','14:00','17:00','#006600','docente','A','true',NULL,NULL,NULL),(257,82,388,3,2,'1','07:45','09:15','#006600','docente','A','true',NULL,NULL,NULL),(258,82,388,3,3,'1','07:45','09:15','#006600','docente','A','true',NULL,NULL,NULL),(259,92,382,6,2,'1','09:30','11:00','#006600','docente','A','true',NULL,NULL,NULL),(260,92,382,6,3,'1','09:30','11:00','#006600','docente','A','true',NULL,NULL,NULL),(261,91,382,4,2,'1','11:15','12:45','#006600','docente','A','true',NULL,NULL,NULL),(262,91,382,4,3,'1','11:15','12:45','#006600','docente','A','true',NULL,NULL,NULL),(263,82,388,1,2,'2','07:45','09:15','#006600','docente','A','true',NULL,NULL,NULL),(264,82,388,1,3,'2','07:45','09:15','#006600','docente','A','true',NULL,NULL,NULL),(265,91,382,2,2,'2','09:30','11:00','#006600','docente','A','true',NULL,NULL,NULL),(266,91,382,2,3,'2','09:30','11:00','#006600','docente','A','true',NULL,NULL,NULL),(267,84,411,2,2,'2','11:15','12:45','#006600','docente','A','true',NULL,NULL,NULL),(268,84,411,2,3,'2','11:15','12:45','#006600','docente','A','true',NULL,NULL,NULL),(269,92,382,2,2,'4','07:45','09:15','#006600','docente','A','true',NULL,NULL,NULL),(270,92,382,2,3,'4','07:45','09:15','#006600','docente','A','true',NULL,NULL,NULL),(271,89,379,4,2,'4','13:00','14:30','#006600','docente','A','true',NULL,NULL,NULL),(272,89,379,4,3,'4','13:00','14:30','#006600','docente','A','true',NULL,NULL,NULL),(273,89,379,1,2,'5','09:30','11:00','#006600','docente','A','true',NULL,NULL,NULL),(274,89,379,1,3,'5','09:30','11:00','#006600','docente','A','true',NULL,NULL,NULL),(275,84,411,2,2,'5','11:15','12:45','#006600','docente','A','true',NULL,NULL,NULL),(276,84,411,2,3,'5','11:15','12:45','#006600','docente','A','true',NULL,NULL,NULL),(277,92,382,11,2,'1','14:00','16:45','#006600','docente','A','true',NULL,NULL,NULL),(278,92,382,11,3,'1','14:00','16:45','#006600','docente','A','true',NULL,NULL,NULL),(279,90,398,11,2,'5','14:00','16:45','#006600','docente','A','true',NULL,NULL,NULL),(280,90,398,11,3,'5','14:00','16:45','#006600','docente','A','true',NULL,NULL,NULL),(281,85,396,1,2,'1','13:00','14:30','#006600','docente','A','true',NULL,NULL,NULL),(282,85,396,1,3,'1','13:00','14:30','#006600','docente','A','true',NULL,NULL,NULL),(283,85,396,4,2,'3','09:30','11:00','#006600','docente','A','true',NULL,NULL,NULL),(284,85,396,4,3,'3','09:30','11:00','#006600','docente','A','true',NULL,NULL,NULL),(285,65,373,1,2,'3','11:15','12:45','#006600','docente','A','true',NULL,NULL,NULL),(286,65,373,1,3,'3','11:15','12:45','#006600','docente','A','true',NULL,NULL,NULL),(287,79,373,1,2,'3','13:00','14:30','#006600','docente','A','true',NULL,NULL,NULL),(288,79,373,1,3,'3','13:00','14:30','#006600','docente','A','true',NULL,NULL,NULL),(289,79,373,4,2,'4','07:45','09:15','#006600','docente','A','true',NULL,NULL,NULL),(290,79,373,4,3,'4','07:45','09:15','#006600','docente','A','true',NULL,NULL,NULL),(291,65,373,1,2,'4','11:15','12:45','#006600','docente','A','true',NULL,NULL,NULL),(292,65,373,1,3,'4','11:15','12:45','#006600','docente','A','true',NULL,NULL,NULL),(293,87,390,12,2,'4','14:45','16:15','#006600','docente','A','true',NULL,NULL,NULL),(294,87,390,12,3,'4','14:45','16:15','#006600','docente','A','true',NULL,NULL,NULL),(295,87,390,3,2,'5','07:45','09:15','#006600','docente','A','true',NULL,NULL,NULL),(296,87,390,3,3,'5','07:45','09:15','#006600','docente','A','true',NULL,NULL,NULL),(297,88,390,10,2,'1','08:00','11:00','#006600','docente','A','true',NULL,NULL,NULL),(298,88,390,10,3,'1','08:00','11:00','#006600','docente','A','true',NULL,NULL,NULL),(299,86,396,10,2,'2','12:30','14:00','#006600','docente','A','true',NULL,NULL,NULL),(300,86,396,10,3,'2','12:30','14:00','#006600','docente','A','true',NULL,NULL,NULL),(301,81,385,3,2,'3','14:45','16:15','#006600','docente','A','true',NULL,NULL,NULL),(302,81,385,3,3,'3','14:45','16:15','#006600','docente','A','true',NULL,NULL,NULL),(303,81,385,4,2,'1','14:45','16:15','#006600','docente','A','true',NULL,NULL,NULL),(304,81,385,4,3,'1','14:45','16:15','#006600','docente','A','true',NULL,NULL,NULL),(315,93,387,2,2,'5','16:00','17:30','#006600','docente','A','true',NULL,NULL,NULL),(316,93,387,2,3,'5','16:00','17:30','#006600','docente','A','true',NULL,NULL,NULL),(317,93,387,2,2,'6','07:45','09:15','#006600','docente','A','true',NULL,NULL,NULL),(318,93,387,2,3,'6','07:45','09:15','#006600','docente','A','true',NULL,NULL,NULL),(319,94,396,12,2,'1','07:45','09:15','#006600','docente','B','true',NULL,NULL,NULL),(320,94,396,12,3,'1','07:45','09:15','#006600','docente','B','true',NULL,NULL,NULL),(321,94,379,3,2,'1','11:15','12:45','#006600','docente','D','true',NULL,NULL,NULL),(322,94,379,3,3,'1','11:15','12:45','#006600','docente','D','true',NULL,NULL,NULL),(323,94,391,12,2,'2','09:30','11:00','#006600','docente','C','true',NULL,NULL,NULL),(324,94,391,12,3,'2','09:30','11:00','#006600','docente','C','true',NULL,NULL,NULL),(325,94,382,4,2,'2','11:15','12:45','#006600','docente','A','true',NULL,NULL,NULL),(326,94,382,4,3,'2','11:15','12:45','#006600','docente','A','true',NULL,NULL,NULL),(327,94,396,12,2,'3','07:45','09:15','#006600','docente','B','true',NULL,NULL,NULL),(328,94,396,12,3,'3','07:45','09:15','#006600','docente','B','true',NULL,NULL,NULL),(329,94,382,12,2,'4','09:30','11:00','#006600','docente','B','true',NULL,NULL,NULL),(330,94,382,12,3,'4','09:30','11:00','#006600','docente','B','true',NULL,NULL,NULL),(331,94,390,12,2,'4','11:15','12:45','#006600','docente','E','true',NULL,NULL,NULL),(332,94,390,12,3,'4','11:15','12:45','#006600','docente','E','true',NULL,NULL,NULL),(333,95,409,1,2,'5','07:45','09:15','#006600','docente','A','true',NULL,NULL,NULL),(334,95,409,1,3,'5','07:45','09:15','#006600','docente','A','true',NULL,NULL,NULL),(335,94,390,3,2,'5','09:30','11:00','#006600','docente','E','true',NULL,NULL,NULL),(336,94,390,3,3,'5','09:30','11:00','#006600','docente','E','true',NULL,NULL,NULL),(337,95,409,4,2,'6','11:15','12:45','#006600','docente','A','true',NULL,NULL,NULL),(338,95,409,4,3,'6','11:15','12:45','#006600','docente','A','true',NULL,NULL,NULL),(339,94,375,12,2,'4','18:15','19:45','#006600','docente','G','true',NULL,NULL,NULL),(340,94,375,12,3,'4','18:15','19:45','#006600','docente','G','true',NULL,NULL,NULL),(341,94,375,12,2,'5','18:15','19:45','#006600','docente','G','true',NULL,NULL,NULL),(342,94,375,12,3,'5','18:15','19:45','#006600','docente','G','true',NULL,NULL,NULL),(343,94,391,5,2,'3','09:30','11:00','#006600','docente','C','true',NULL,NULL,NULL),(344,94,391,5,3,'3','09:30','11:00','#006600','docente','C','true',NULL,NULL,NULL),(346,93,385,4,3,'6','14:00','15:30','#00FF00','auxiliar','A','true',NULL,NULL,NULL),(354,95,1,9,3,'1','15:00','16:30','#006600','docente','A','true',NULL,NULL,NULL),(355,100,1,9,2,'2','10:30','12:00','#006600','docente','A','true',NULL,NULL,NULL),(356,100,1,9,3,'2','10:30','12:00','#006600','docente','A','true',NULL,NULL,NULL),(357,95,2,10,2,'1','15:00','16:30','#006600','docente','A','true',NULL,NULL,NULL),(358,95,2,10,3,'2','15:00','16:30','#006600','docente','A','true',NULL,NULL,NULL),(359,94,396,6,3,'1','08:00','09:30','#0066CC','docente','A','true',NULL,NULL,NULL),(360,94,396,6,3,'1','08:00','09:30','#0066CC','docente','A','true',NULL,NULL,NULL),(361,95,1,12,2,'1','17:00','18:30','#0066CC','docente','A','true',NULL,NULL,NULL),(362,95,1,12,3,'1','17:00','18:30','#0066CC','docente','A','true',NULL,NULL,NULL),(363,95,2,9,2,'6','13:30','15:00','#006600','docente','A','true',NULL,NULL,NULL),(364,95,2,9,3,'6','13:30','15:00','#006600','docente','A','true',NULL,NULL,NULL),(365,95,1,7,2,'6','15:00','18:00','#006600','docente','A','false',NULL,NULL,NULL),(366,95,1,7,3,'6','15:00','18:00','#006600','docente','A','false',NULL,NULL,NULL);
/*!40000 ALTER TABLE `clases` ENABLE KEYS */;
UNLOCK TABLES;

--
-- Temporary view structure for view `datos`
--

DROP TABLE IF EXISTS `datos`;
/*!50001 DROP VIEW IF EXISTS `datos`*/;
SET @saved_cs_client     = @@character_set_client;
/*!50503 SET character_set_client = utf8mb4 */;
/*!50001 CREATE VIEW `datos` AS SELECT 
 1 AS `id`,
 1 AS `groupId`,
 1 AS `materia`,
 1 AS `title`,
 1 AS `semestre`,
 1 AS `tipo`,
 1 AS `paralelo`,
 1 AS `nivel`,
 1 AS `tituloResponsable`,
 1 AS `responsable`,
 1 AS `ambiente`,
 1 AS `tipoAmbiente`,
 1 AS `capacidad`,
 1 AS `daysOfWeek`,
 1 AS `startTime`,
 1 AS `endTime`,
 1 AS `periodo`,
 1 AS `startDate`,
 1 AS `endDate`,
 1 AS `color`,
 1 AS `ambiente_id`,
 1 AS `periodo_id`,
 1 AS `responsable_id`,
 1 AS `materia_id`,
 1 AS `estado`,
 1 AS `deleted`*/;
SET character_set_client = @saved_cs_client;

--
-- Table structure for table `failed_jobs`
--

DROP TABLE IF EXISTS `failed_jobs`;
/*!40101 SET @saved_cs_client     = @@character_set_client */;
/*!50503 SET character_set_client = utf8mb4 */;
CREATE TABLE `failed_jobs` (
  `id` bigint unsigned NOT NULL AUTO_INCREMENT,
  `connection` text CHARACTER SET utf8mb4 COLLATE utf8mb4_unicode_ci NOT NULL,
  `queue` text CHARACTER SET utf8mb4 COLLATE utf8mb4_unicode_ci NOT NULL,
  `payload` longtext CHARACTER SET utf8mb4 COLLATE utf8mb4_unicode_ci NOT NULL,
  `exception` longtext CHARACTER SET utf8mb4 COLLATE utf8mb4_unicode_ci NOT NULL,
  `failed_at` timestamp NOT NULL DEFAULT CURRENT_TIMESTAMP,
  PRIMARY KEY (`id`)
) ENGINE=InnoDB DEFAULT CHARSET=utf8mb4 COLLATE=utf8mb4_unicode_ci;
/*!40101 SET character_set_client = @saved_cs_client */;

--
-- Dumping data for table `failed_jobs`
--

LOCK TABLES `failed_jobs` WRITE;
/*!40000 ALTER TABLE `failed_jobs` DISABLE KEYS */;
/*!40000 ALTER TABLE `failed_jobs` ENABLE KEYS */;
UNLOCK TABLES;

--
-- Table structure for table `materia_mencion`
--

DROP TABLE IF EXISTS `materia_mencion`;
/*!40101 SET @saved_cs_client     = @@character_set_client */;
/*!50503 SET character_set_client = utf8mb4 */;
CREATE TABLE `materia_mencion` (
  `id` bigint unsigned NOT NULL AUTO_INCREMENT,
  `materia_id` int unsigned NOT NULL,
  `mencion_id` int unsigned NOT NULL,
  `created_at` timestamp NULL DEFAULT NULL,
  `updated_at` timestamp NULL DEFAULT NULL,
  PRIMARY KEY (`id`)
) ENGINE=InnoDB AUTO_INCREMENT=224 DEFAULT CHARSET=utf8mb4 COLLATE=utf8mb4_unicode_ci;
/*!40101 SET character_set_client = @saved_cs_client */;

--
-- Dumping data for table `materia_mencion`
--

LOCK TABLES `materia_mencion` WRITE;
/*!40000 ALTER TABLE `materia_mencion` DISABLE KEYS */;
INSERT INTO `materia_mencion` VALUES (1,1,2,NULL,NULL),(2,2,2,NULL,NULL),(3,3,2,NULL,NULL),(4,4,2,NULL,NULL),(5,5,2,NULL,NULL),(6,6,2,NULL,NULL),(7,7,2,NULL,NULL),(8,8,2,NULL,NULL),(9,9,2,NULL,NULL),(10,10,2,NULL,NULL),(11,11,2,NULL,NULL),(12,12,2,NULL,NULL),(13,13,2,NULL,NULL),(14,14,2,NULL,NULL),(15,15,2,NULL,NULL),(16,16,2,NULL,NULL),(17,17,2,NULL,NULL),(18,18,2,NULL,NULL),(19,19,2,NULL,NULL),(20,20,2,NULL,NULL),(21,21,2,NULL,NULL),(22,22,2,NULL,NULL),(23,23,2,NULL,NULL),(24,24,2,NULL,NULL),(25,25,2,NULL,NULL),(26,26,2,NULL,NULL),(27,27,2,NULL,NULL),(28,28,2,NULL,NULL),(29,29,2,NULL,NULL),(30,30,2,NULL,NULL),(31,31,2,NULL,NULL),(32,32,2,NULL,NULL),(33,33,2,NULL,NULL),(34,34,2,NULL,NULL),(35,35,2,NULL,NULL),(36,36,2,NULL,NULL),(37,37,2,NULL,NULL),(38,38,2,NULL,NULL),(39,39,2,NULL,NULL),(40,40,2,NULL,NULL),(41,41,2,NULL,NULL),(42,42,2,NULL,NULL),(43,43,2,NULL,NULL),(44,44,2,NULL,NULL),(45,45,2,NULL,NULL),(46,46,2,NULL,NULL),(47,47,2,NULL,NULL),(48,49,2,NULL,NULL),(49,50,2,NULL,NULL),(50,51,2,NULL,NULL),(51,55,2,NULL,NULL),(52,56,2,NULL,NULL),(53,57,2,NULL,NULL),(54,58,2,NULL,NULL),(55,59,2,NULL,NULL),(56,62,2,NULL,NULL),(57,63,2,NULL,NULL),(58,66,2,NULL,NULL),(59,69,2,NULL,NULL),(60,70,2,NULL,NULL),(61,71,2,NULL,NULL),(62,72,2,NULL,NULL),(63,73,2,NULL,NULL),(64,83,2,NULL,NULL),(65,84,2,NULL,NULL),(66,85,2,NULL,NULL),(67,86,2,NULL,NULL),(68,87,2,NULL,NULL),(69,88,2,NULL,NULL),(70,93,2,NULL,NULL),(71,94,2,NULL,NULL),(72,1,4,NULL,NULL),(73,2,4,NULL,NULL),(74,3,4,NULL,NULL),(75,4,4,NULL,NULL),(76,5,4,NULL,NULL),(77,6,4,NULL,NULL),(78,7,4,NULL,NULL),(79,8,4,NULL,NULL),(80,9,4,NULL,NULL),(81,10,4,NULL,NULL),(82,11,4,NULL,NULL),(83,12,4,NULL,NULL),(84,13,4,NULL,NULL),(85,14,4,NULL,NULL),(86,15,4,NULL,NULL),(87,16,4,NULL,NULL),(88,17,4,NULL,NULL),(89,18,4,NULL,NULL),(90,19,4,NULL,NULL),(91,20,4,NULL,NULL),(92,21,4,NULL,NULL),(93,22,4,NULL,NULL),(94,23,4,NULL,NULL),(95,24,4,NULL,NULL),(96,25,4,NULL,NULL),(97,26,4,NULL,NULL),(98,27,4,NULL,NULL),(99,28,4,NULL,NULL),(100,29,4,NULL,NULL),(101,30,4,NULL,NULL),(102,31,4,NULL,NULL),(103,32,4,NULL,NULL),(104,33,4,NULL,NULL),(105,34,4,NULL,NULL),(106,35,4,NULL,NULL),(107,36,4,NULL,NULL),(108,37,4,NULL,NULL),(109,38,4,NULL,NULL),(110,39,4,NULL,NULL),(111,40,4,NULL,NULL),(112,41,4,NULL,NULL),(113,42,4,NULL,NULL),(114,43,4,NULL,NULL),(115,44,4,NULL,NULL),(116,45,4,NULL,NULL),(117,46,4,NULL,NULL),(118,47,4,NULL,NULL),(119,48,4,NULL,NULL),(120,49,4,NULL,NULL),(121,50,4,NULL,NULL),(122,51,4,NULL,NULL),(123,60,4,NULL,NULL),(124,61,4,NULL,NULL),(125,62,4,NULL,NULL),(126,63,4,NULL,NULL),(127,66,4,NULL,NULL),(128,74,4,NULL,NULL),(129,75,4,NULL,NULL),(130,76,4,NULL,NULL),(131,77,4,NULL,NULL),(132,82,4,NULL,NULL),(133,83,4,NULL,NULL),(134,84,4,NULL,NULL),(135,89,4,NULL,NULL),(136,90,4,NULL,NULL),(137,91,4,NULL,NULL),(138,92,4,NULL,NULL),(139,93,4,NULL,NULL),(140,94,4,NULL,NULL),(141,1,3,NULL,NULL),(142,2,3,NULL,NULL),(143,3,3,NULL,NULL),(144,4,3,NULL,NULL),(145,5,3,NULL,NULL),(146,6,3,NULL,NULL),(147,7,3,NULL,NULL),(148,8,3,NULL,NULL),(149,9,3,NULL,NULL),(150,10,3,NULL,NULL),(151,11,3,NULL,NULL),(152,12,3,NULL,NULL),(153,13,3,NULL,NULL),(154,14,3,NULL,NULL),(155,15,3,NULL,NULL),(156,16,3,NULL,NULL),(157,17,3,NULL,NULL),(158,18,3,NULL,NULL),(159,19,3,NULL,NULL),(160,20,3,NULL,NULL),(161,21,3,NULL,NULL),(162,22,3,NULL,NULL),(163,23,3,NULL,NULL),(164,24,3,NULL,NULL),(165,25,3,NULL,NULL),(166,26,3,NULL,NULL),(167,27,3,NULL,NULL),(168,28,3,NULL,NULL),(169,29,3,NULL,NULL),(170,30,3,NULL,NULL),(171,31,3,NULL,NULL),(172,32,3,NULL,NULL),(173,33,3,NULL,NULL),(174,34,3,NULL,NULL),(175,35,3,NULL,NULL),(176,36,3,NULL,NULL),(177,37,3,NULL,NULL),(178,38,3,NULL,NULL),(179,39,3,NULL,NULL),(180,40,3,NULL,NULL),(181,41,3,NULL,NULL),(182,42,3,NULL,NULL),(183,43,3,NULL,NULL),(184,44,3,NULL,NULL),(185,45,3,NULL,NULL),(186,46,3,NULL,NULL),(187,47,3,NULL,NULL),(188,48,3,NULL,NULL),(189,49,3,NULL,NULL),(190,50,3,NULL,NULL),(191,51,3,NULL,NULL),(192,62,3,NULL,NULL),(193,63,3,NULL,NULL),(194,66,3,NULL,NULL),(195,82,3,NULL,NULL),(196,83,3,NULL,NULL),(197,93,3,NULL,NULL),(198,94,3,NULL,NULL),(199,52,3,NULL,NULL),(200,53,3,NULL,NULL),(201,54,3,NULL,NULL),(202,64,3,NULL,NULL),(203,65,3,NULL,NULL),(204,67,3,NULL,NULL),(205,68,3,NULL,NULL),(206,78,3,NULL,NULL),(207,79,3,NULL,NULL),(208,80,3,NULL,NULL),(209,81,3,NULL,NULL),(210,95,3,NULL,NULL),(211,55,4,NULL,NULL),(212,73,4,NULL,NULL),(213,79,2,NULL,NULL),(214,65,2,NULL,NULL),(215,99,2,NULL,NULL),(217,69,3,NULL,NULL),(218,99,3,NULL,NULL),(220,57,3,NULL,NULL),(221,58,3,NULL,NULL),(222,100,2,NULL,NULL),(223,100,3,NULL,NULL);
/*!40000 ALTER TABLE `materia_mencion` ENABLE KEYS */;
UNLOCK TABLES;

--
-- Table structure for table `materias`
--

DROP TABLE IF EXISTS `materias`;
/*!40101 SET @saved_cs_client     = @@character_set_client */;
/*!50503 SET character_set_client = utf8mb4 */;
CREATE TABLE `materias` (
  `id` int unsigned NOT NULL AUTO_INCREMENT,
  `sigla` varchar(255) CHARACTER SET utf8mb4 COLLATE utf8mb4_unicode_ci NOT NULL,
  `nombre` varchar(255) CHARACTER SET utf8mb4 COLLATE utf8mb4_unicode_ci NOT NULL,
  `tipo` varchar(255) CHARACTER SET utf8mb4 COLLATE utf8mb4_unicode_ci NOT NULL,
  `semestre` varchar(255) CHARACTER SET utf8mb4 COLLATE utf8mb4_unicode_ci NOT NULL,
  `pensum_id` int unsigned NOT NULL,
  `created_at` timestamp NULL DEFAULT NULL,
  `updated_at` timestamp NULL DEFAULT NULL,
  PRIMARY KEY (`id`),
  KEY `materias_pensum_id_foreign` (`pensum_id`),
  CONSTRAINT `materias_pensum_id_foreign` FOREIGN KEY (`pensum_id`) REFERENCES `pensums` (`id`)
) ENGINE=InnoDB AUTO_INCREMENT=102 DEFAULT CHARSET=utf8mb4 COLLATE=utf8mb4_unicode_ci;
/*!40101 SET character_set_client = @saved_cs_client */;

--
-- Dumping data for table `materias`
--

LOCK TABLES `materias` WRITE;
/*!40000 ALTER TABLE `materias` DISABLE KEYS */;
INSERT INTO `materias` VALUES (1,'FIS 100','Fisica Basica Y Laboratorio','teoria','1',1,NULL,NULL),(2,'FIS 100 L','Fisica Basica Y Laboratorio','laboratorio','1',1,NULL,NULL),(3,'MAT 100','Algebra','teoria','1',1,NULL,NULL),(4,'MAT 101','Calculo I','teoria','1',1,NULL,NULL),(5,'QMC 100','Quimica General Y Laboratorio','teoria','1',1,NULL,NULL),(6,'QMC 100 L','Quimica General Y Laboratorio','laboratorio','1',1,NULL,NULL),(7,'MEC 101','Dibujo Tecnico','teoria','1',1,NULL,NULL),(8,'ETN 507','Historia Critica De America Latina','teoria','1',1,NULL,NULL),(9,'FIS 102','Fisica Basica II Y Laboratorio','teoria','2',1,NULL,NULL),(10,'FIS 102 L','Fisica Basica II Y Laboratorio','laboratorio','2',1,NULL,NULL),(11,'MAT 102','Calculo II','teoria','2',1,NULL,NULL),(12,'MAT 103','Algebra Lineal Y Teoria Matricial','teoria','2',1,NULL,NULL),(13,'MAT 208','Analisis De Variable Compleja','teoria','2',1,NULL,NULL),(14,'ETN 401','Probabilidad Y Estadistica','teoria','2',1,NULL,NULL),(15,'FIS 200','Fisica Basica III Y Laboratorio','teoria','3',1,NULL,NULL),(16,'FIS 200 L','Fisica Basica III Y Laboratorio','laboratorio','3',1,NULL,NULL),(17,'MAT 207','Ecuaciones Diferenciales','teoria','3',1,NULL,NULL),(18,'MAT 303','Analisis Vectorial Y Tensorial','teoria','3',1,NULL,NULL),(19,'ETN 302','Teoria De Redes I','teoria','3',1,NULL,NULL),(20,'ETN 406','Tecnologia De Los Componentes','teoria','3',1,NULL,NULL),(21,'ETN 307','Programacion','teoria','3',1,NULL,NULL),(22,'ETN 340','Proyecto I','teoria','3',1,NULL,NULL),(23,'MAT 305','Transformadas Integrales','teoria','4',1,NULL,NULL),(24,'ETN 402','Teoria De Redes II','teoria','4',1,NULL,NULL),(25,'ETN 404','Mediciones Electricas','teoria','4',1,NULL,NULL),(26,'ETN 404 L','Mediciones Electricas','laboratorio','4',1,NULL,NULL),(27,'ETN 501','Fisica Del Estado Solido','teoria','4',1,NULL,NULL),(28,'ETN 503','Electronica I','teoria','4',1,NULL,NULL),(29,'ETN 503 L','Electronica I','laboratorio','4',1,NULL,NULL),(30,'ETN 505','Programacion Y Metodos Numericos','teoria','4',1,NULL,NULL),(31,'ETN 607','Mecanica Aplicada','teoria','4',1,NULL,NULL),(32,'ETN 502','Campos Electromagneticos','teoria','5',1,NULL,NULL),(33,'ETN 506','Analisis De Sistemas Lineales','teoria','5',1,NULL,NULL),(34,'ETN 601','Sistemas Digitales I','teoria','5',1,NULL,NULL),(35,'ETN 601 L','Sistemas Digitales I','laboratorio','5',1,NULL,NULL),(36,'ETN 603','Electronica II','teoria','5',1,NULL,NULL),(37,'ETN 603 L','Electronica II','laboratorio','5',1,NULL,NULL),(38,'ETN 805','Investigacion De Operaciones','teoria','5',1,NULL,NULL),(39,'ETN 606','Conversion Electromagnetica De Energia','teoria','6',1,NULL,NULL),(40,'ETN 606 L','Conversion Electromagnetica De Energia','laboratorio','6',1,NULL,NULL),(41,'ETN 702','Sistemas De Control I','teoria','6',1,NULL,NULL),(42,'ETN 702 L','Sistemas De Control I','laboratorio','6',1,NULL,NULL),(43,'ETN 703','Teoria De Telecomunicaciones I','teoria','6',1,NULL,NULL),(44,'ETN 703 L','Teoria De Telecomunicaciones I','laboratorio','6',1,NULL,NULL),(45,'ETN 821','Sistemas Digitales II','teoria','6',1,NULL,NULL),(46,'ETN 821 L','Sistemas Digitales II','laboratorio','6',1,NULL,NULL),(47,'ETN 640','Proyecto II','teoria','6',1,NULL,NULL),(48,'ETN 1016','Teoria De Telecomunicaciones II','teoria','7',1,NULL,NULL),(49,'ETN 801','Microprocesadores','teoria','7',1,NULL,NULL),(50,'ETN 801 L','Microprocesadores','laboratorio','7',1,NULL,NULL),(51,'ETN 806','Procesos Estocasticos','teoria','7',1,NULL,NULL),(52,'ETN 802','Electronica Industrial','teoria','7',1,NULL,NULL),(53,'ETN 802 L','Electronica Industrial','laboratorio','7',1,NULL,NULL),(54,'ETN 825','Organizacion Y Diseńo De Computadoras','teoria','7',1,NULL,NULL),(55,'ETN 704','Electronica De Pulsos','teoria','7',1,NULL,NULL),(56,'ETN 704 L','Electronica De Pulsos','laboratorio','7',1,NULL,NULL),(57,'ETN 832','Electronica Industrial','teoria','7',1,NULL,NULL),(58,'ETN 832 L','Electronica Industrial','laboratorio','7',1,NULL,NULL),(59,'ETN 902','Sistemas De Control II','teoria','7',1,NULL,NULL),(60,'ETN 814','Lineas De Transmision Y Guias De Onda','teoria','7',1,NULL,NULL),(61,'ETN 814 L','Lineas De Transmision Y Guias De Onda','laboratorio','7',1,NULL,NULL),(62,'ETN 903','Sistemas De Computacion','teoria','8',1,NULL,NULL),(63,'ETN 903 L','Sistemas De Computacion','laboratorio','8',1,NULL,NULL),(64,'ETN 901','Teoria De Sistemas Operativos','teoria','8',1,NULL,NULL),(65,'ETN 1039','Seminarios De Control','teoria','9',1,NULL,NULL),(66,'ETN 1015','Procesamiento Digital De Seńales','teoria','8',1,NULL,NULL),(67,'ETN 1000','Base De Datos','teoria','8',1,NULL,NULL),(68,'ETN 800','Preparacion Y Evaluacion De Proyectos','teoria','8',1,NULL,NULL),(69,'ETN 921','Teoria De Sistemas Operativos','teoria','8',1,NULL,NULL),(70,'ETN 933','Control Y Regulacion Industrial','teoria','8',1,NULL,NULL),(71,'ETN 933 L','Control Y Regulacion Industrial','laboratorio','8',1,NULL,NULL),(72,'ETN 1022','Interaccion Hardware Software','teoria','8',1,NULL,NULL),(73,'ETN 840','Preparacion Y Evaluacion De Proyectos','teoria','8',1,NULL,NULL),(74,'ETN 911','Sistemas De Comunicaciones I','teoria','8',1,NULL,NULL),(75,'ETN 911 L','Sistemas De Comunicaciones I','laboratorio','8',1,NULL,NULL),(76,'ETN 913','Antenas Y Propagacion','teoria','8',1,NULL,NULL),(77,'ETN 913 L','Antenas Y Propagacion','laboratorio','8',1,NULL,NULL),(78,'ETN 1014','Redes De Computadores','teoria','9',1,NULL,NULL),(79,'ETN 1036','Simulacion De Procesos Industriales','teoria','9',1,NULL,NULL),(80,'ETN 1010','Inteligencia Artificial','teoria','9',1,NULL,NULL),(81,'ETN 1001','Ingenieria De Software','teoria','9',1,NULL,NULL),(82,'ETN 1012','Telefonia','teoria','9',1,NULL,NULL),(83,'REC 92','Estudio De Los Recursos Naturales','teoria','9',1,NULL,NULL),(84,'ETN 935','Redes De Datos','teoria','9',1,NULL,NULL),(85,'ETN 1034','Aplicacion De Tecnicas De Control','teoria','9',1,NULL,NULL),(86,'ETN 1034 L','Aplicacion De Tecnicas De Control','laboratorio','9',1,NULL,NULL),(87,'ETN 1037','Instrumentos Industriales','teoria','9',1,NULL,NULL),(88,'ETN 1037 L','Instrumentos Industriales','laboratorio','9',1,NULL,NULL),(89,'ETN 1011','Sistemas De Comunicacion II','teoria','9',1,NULL,NULL),(90,'ETN 1011 L','Sistemas De Comunicacion II','laboratorio','9',1,NULL,NULL),(91,'ETN 1024','Seminario Taller De Telecomunicaciones','teoria','9',1,NULL,NULL),(92,'ETN 1038','Tecnologia De Telecomunicaciones','teoria','9',1,NULL,NULL),(93,'ETN 906','Practica Industrial','teoria','10',1,NULL,NULL),(94,'ETN 1040','Proyecto De Grado','teoria','10',1,NULL,NULL),(95,'ETN 2000','Estrategia Empresarial','teoria','10',1,NULL,NULL),(100,'Materia Joel','aa','laboratorio','2',1,NULL,NULL);
/*!40000 ALTER TABLE `materias` ENABLE KEYS */;
UNLOCK TABLES;

--
-- Table structure for table `mencions`
--

DROP TABLE IF EXISTS `mencions`;
/*!40101 SET @saved_cs_client     = @@character_set_client */;
/*!50503 SET character_set_client = utf8mb4 */;
CREATE TABLE `mencions` (
  `id` int unsigned NOT NULL AUTO_INCREMENT,
  `nombre` varchar(255) CHARACTER SET utf8mb4 COLLATE utf8mb4_unicode_ci NOT NULL,
  `descripcion` varchar(255) CHARACTER SET utf8mb4 COLLATE utf8mb4_unicode_ci DEFAULT NULL,
  PRIMARY KEY (`id`)
) ENGINE=InnoDB AUTO_INCREMENT=5 DEFAULT CHARSET=utf8mb4 COLLATE=utf8mb4_unicode_ci;
/*!40101 SET character_set_client = @saved_cs_client */;

--
-- Dumping data for table `mencions`
--

LOCK TABLES `mencions` WRITE;
/*!40000 ALTER TABLE `mencions` DISABLE KEYS */;
INSERT INTO `mencions` VALUES (1,'General',''),(2,'Control',''),(3,'Sistemas',''),(4,'Telecom.','');
/*!40000 ALTER TABLE `mencions` ENABLE KEYS */;
UNLOCK TABLES;

--
-- Table structure for table `migrations`
--

DROP TABLE IF EXISTS `migrations`;
/*!40101 SET @saved_cs_client     = @@character_set_client */;
/*!50503 SET character_set_client = utf8mb4 */;
CREATE TABLE `migrations` (
  `id` int unsigned NOT NULL AUTO_INCREMENT,
  `migration` varchar(255) CHARACTER SET utf8mb4 COLLATE utf8mb4_unicode_ci NOT NULL,
  `batch` int NOT NULL,
  PRIMARY KEY (`id`)
) ENGINE=InnoDB AUTO_INCREMENT=98 DEFAULT CHARSET=utf8mb4 COLLATE=utf8mb4_unicode_ci;
/*!40101 SET character_set_client = @saved_cs_client */;

--
-- Dumping data for table `migrations`
--

LOCK TABLES `migrations` WRITE;
/*!40000 ALTER TABLE `migrations` DISABLE KEYS */;
INSERT INTO `migrations` VALUES (75,'2019_08_06_172913_create_semestres_table',1),(76,'2019_08_19_000000_create_failed_jobs_table',1),(77,'2020_12_00_140143_create_responsables_table',1),(78,'2020_12_03_125019_create_ambientes_table',1),(79,'2020_12_04_172913_create_pensums_table',1),(80,'2020_12_05_172913_create_mencions_table',1),(81,'2020_12_06_224012_create_materias_table',1),(82,'2020_12_07_151557_create_periodos_table',1),(83,'2020_12_08_175015_create_materia_mencion_table',1),(84,'2020_12_09_213918_create_clases_table',1),(85,'2020_12_10_000000_create_users_table',1),(92,'2014_10_12_100000_create_password_resets_table',2),(93,'2016_06_01_000001_create_oauth_auth_codes_table',2),(94,'2016_06_01_000002_create_oauth_access_tokens_table',2),(95,'2016_06_01_000003_create_oauth_refresh_tokens_table',2),(96,'2016_06_01_000004_create_oauth_clients_table',2),(97,'2016_06_01_000005_create_oauth_personal_access_clients_table',2);
/*!40000 ALTER TABLE `migrations` ENABLE KEYS */;
UNLOCK TABLES;

--
-- Table structure for table `oauth_access_tokens`
--

DROP TABLE IF EXISTS `oauth_access_tokens`;
/*!40101 SET @saved_cs_client     = @@character_set_client */;
/*!50503 SET character_set_client = utf8mb4 */;
CREATE TABLE `oauth_access_tokens` (
  `id` varchar(100) CHARACTER SET utf8mb4 COLLATE utf8mb4_unicode_ci NOT NULL,
  `user_id` bigint unsigned DEFAULT NULL,
  `client_id` bigint unsigned NOT NULL,
  `name` varchar(255) CHARACTER SET utf8mb4 COLLATE utf8mb4_unicode_ci DEFAULT NULL,
  `scopes` text CHARACTER SET utf8mb4 COLLATE utf8mb4_unicode_ci,
  `revoked` tinyint(1) NOT NULL,
  `created_at` timestamp NULL DEFAULT NULL,
  `updated_at` timestamp NULL DEFAULT NULL,
  `expires_at` datetime DEFAULT NULL,
  PRIMARY KEY (`id`),
  KEY `oauth_access_tokens_user_id_index` (`user_id`)
) ENGINE=InnoDB DEFAULT CHARSET=utf8mb4 COLLATE=utf8mb4_unicode_ci;
/*!40101 SET character_set_client = @saved_cs_client */;

--
-- Dumping data for table `oauth_access_tokens`
--

LOCK TABLES `oauth_access_tokens` WRITE;
/*!40000 ALTER TABLE `oauth_access_tokens` DISABLE KEYS */;
INSERT INTO `oauth_access_tokens` VALUES ('018ab0c05eee8e0d0c6adc296c13c810ef898afd85a3800b7858dead80a663776202ad3e9027e46d',21,2,NULL,'[\"estudiante\"]',0,'2021-08-10 02:12:10','2021-08-10 02:12:10','2021-08-09 22:12:25'),('0348c1d1cf92917c21a45fe6acec9e955e43fbbad224acb66f592ca32c765846c22cac0a077e8c2f',21,2,NULL,'[]',0,'2021-04-27 19:53:14','2021-04-27 19:53:14','2022-04-27 15:53:14'),('037000cfaf3fcd2ae5235aebbc73cb6df5df37821793f3e3a17716261fbf02a88b506a3411635c1e',16,2,NULL,'[\"estudiante\"]',0,'2021-08-17 20:16:42','2021-08-17 20:16:42','2021-08-17 16:16:57'),('03afbd47f79162f6d11f6ae37ff37b285b20633fe888cbeb0183ac679b0135bddf0e5d7165a30872',21,2,NULL,'[\"estudiante\"]',0,'2022-03-09 10:57:56','2022-03-09 10:57:56','2022-03-09 06:58:11'),('03dd29f2ea6065af7505263de7801b7d2e494dc821ac43900ba7b4c75622a1fee6504ce5c304d7f4',21,2,NULL,'[]',0,'2021-05-18 14:20:54','2021-05-18 14:20:54','2022-05-18 10:20:54'),('04f055d5569cbb8efc37671fe604c145735fe00d705d5014006d70404c2e9594c1b252db844d3625',16,2,NULL,'[]',0,'2021-07-29 16:08:45','2021-07-29 16:08:45','2021-07-29 12:09:00'),('057936c167f32b4e6af68de39dec83105a66d11a0aa418836dbc4f078bc113dc4afeeae25f6cc3bb',21,2,NULL,'[]',0,'2021-07-04 04:46:15','2021-07-04 04:46:15','2022-07-04 00:46:15'),('067a117f416bacebfda617dbe755347282452d6ed839d456a90b9b0aa93dd56adcacffff40aea650',21,2,NULL,'[\"estudiante\"]',0,'2021-08-10 01:59:52','2021-08-10 01:59:52','2021-08-09 22:00:07'),('083467685c1d89a92e09bbb8192a4532ba15fbca386f04077cdc5da8c0edde8f6d6b73c9c05171ee',21,2,NULL,'[\"estudiante\"]',0,'2022-01-31 21:12:50','2022-01-31 21:12:50','2022-01-31 17:13:05'),('0b7a0c731820da0bf98ab2b7403d725f4125df955362e84606128955b9804de04827773d3e1443e5',21,2,NULL,'[\"estudiante\"]',0,'2022-01-31 21:11:32','2022-01-31 21:11:32','2022-01-31 17:11:47'),('0b9541eba57700523596cb4c2ad4f129b0f04677d7a1fda14ab7ccc1efaf7dea764324c6abe7a357',16,2,NULL,'[\"estudiante\"]',0,'2021-08-09 23:27:11','2021-08-09 23:27:11','2021-08-09 19:27:26'),('0d5df317364b5e357137a6179ed27d8e960f2548254e8e9224d1321786c2caa1fe5fc9a910cceb80',16,2,NULL,'[]',0,'2021-04-27 18:40:34','2021-04-27 18:40:34','2022-04-27 14:40:34'),('0e36fed331199ceb85f0fcbb8464d02e2a9a225cd30977c2642da3e5d581c6cc41197a5f6d8a3bea',16,2,NULL,'[]',0,'2021-07-29 16:05:37','2021-07-29 16:05:37','2021-07-29 12:05:52'),('0e891ea0c947597a852ef29cc88a904562fddbb53333b59d393d918b88da22115c214aba5e9ad16d',16,2,NULL,'[]',0,'2021-05-18 14:33:40','2021-05-18 14:33:40','2022-05-18 10:33:40'),('0e9108ed6fde2b4c837a8f4fca389560ac41f2784729b446ffb6bece8fa53b51a0665e301c35b6d2',16,2,NULL,'[]',0,'2021-04-29 20:18:25','2021-04-29 20:18:25','2022-04-29 16:18:25'),('105f5439472dcb9c781b9434d53c1b53e069d880e4ae91a87196c6ba5c39dd92f6a50a3f873e204d',16,2,NULL,'[]',0,'2021-07-01 04:24:23','2021-07-01 04:24:23','2022-07-01 00:24:23'),('11763c580217e0036197fd7966f9b764ff28fbcf01ca22e3d9ad8ffea26e8c40d7c4989b0d3e4045',21,2,NULL,'[]',0,'2021-05-18 14:19:00','2021-05-18 14:19:00','2022-05-18 10:19:00'),('11a41f87f152a4b0a6fa786912c8f1fa780a795ea646516af3a19fb21e9999df31fe3353ab08a2b7',16,2,NULL,'[\"estudiante\"]',0,'2022-02-01 13:04:37','2022-02-01 13:04:37','2022-02-01 09:04:53'),('129612b6b23909b4d9820622b1793dff9a2185ebdf2c17d8f63e038cfdba7987e9bfa19cf4eacc36',16,2,NULL,'[]',0,'2021-06-16 18:05:45','2021-06-16 18:05:45','2022-06-16 14:05:45'),('12b2de04b5fbfd8431e9b62894bb2d9acdb545347ff7331378cc99f64d457d87fb2589815e19fb6a',16,2,NULL,'[]',0,'2021-07-04 03:35:51','2021-07-04 03:35:51','2022-07-03 23:35:51'),('1391add339bf6a6d1304165365b33a1b895bc71daf1a2844d4018600c4d25ea2487cc0b8f0f80b2e',16,2,NULL,'[]',0,'2021-05-18 14:30:17','2021-05-18 14:30:17','2022-05-18 10:30:17'),('13b007bbb5a2013ef34c1b2e4e7f8580f97126b04459a63322b6c633329518032967ae32edb3d55c',16,2,NULL,'[]',0,'2021-07-22 15:51:27','2021-07-22 15:51:27','2022-07-22 11:51:27'),('14a50cac9d7b6f194968af760a24ae54f40c1acc9d6340f00877238834a56c6b48ca87142c7038d3',16,2,NULL,'[\"estudiante\"]',0,'2022-02-01 13:11:05','2022-02-01 13:11:05','2022-02-01 09:11:21'),('1570eed4509160177df25888ae56b4976f99e59cce202223da8048b57b83395e774334d0dfea8b36',16,2,NULL,'[]',0,'2021-06-17 13:18:36','2021-06-17 13:18:36','2022-06-17 09:18:36'),('17c2a06e0325108789af317fdbc053e0fb71730c300083952cdbff00cd9b7c58565daf1095aff0db',16,2,NULL,'[]',0,'2021-05-05 12:31:24','2021-05-05 12:31:24','2022-05-05 08:31:24'),('187df4397dd2d7eed5bb6959df656ee88cbf54a870235e04faa2659f8fa8c08a46b2a86a12d4c79f',21,2,NULL,'[\"estudiante\"]',0,'2022-03-09 11:12:51','2022-03-09 11:12:51','2022-03-09 07:13:06'),('191845668776680387db7e0a39670c9845ecf9c09efb414a0f480c2df0b51b426fb7e3019aef4edd',21,2,NULL,'[]',0,'2021-04-27 19:50:44','2021-04-27 19:50:44','2022-04-27 15:50:44'),('1be79546849f41eea21d3ce829abca94fbf7d65e627bfaf17f9951b8699833da1f06a38c637297d2',21,2,NULL,'[\"estudiante\"]',0,'2021-08-09 23:26:25','2021-08-09 23:26:25','2021-08-09 19:26:40'),('1d51802a54b39f36c6e0c3077e969cde19394287f25ef0a73b3456cff2f21e183571d0a9ea4394ac',21,2,NULL,'[\"estudiante\"]',0,'2021-08-10 15:37:53','2021-08-10 15:37:53','2021-08-10 11:38:08'),('1d72b2b8d3c266d7175ece1de6e4b44d204140e032547af6e36cc9ce631466f64921bd8d44f0ddb6',16,2,NULL,'[]',0,'2021-06-15 12:28:25','2021-06-15 12:28:25','2022-06-15 08:28:25'),('1e9b7f1556d139caf39920942465cb093fbcc9bbd0b4b3f7ba32a531ace0573998b6deaad5567610',16,2,NULL,'[\"estudiante\"]',0,'2021-08-31 14:30:11','2021-08-31 14:30:11','2021-08-31 10:30:26'),('21a9441d38b65b49911d6327a08ed1d3f2391aa42156e1cd70f1baf9327e62a7b9a720a9b170e156',16,2,NULL,'[]',0,'2021-06-29 13:01:58','2021-06-29 13:01:58','2022-06-29 09:01:58'),('22d324f9f264e9480dc3da97f6bab4e2dec7f613012cf37ee9423da8236ec74ba21e8d0abdfc3bf0',16,2,NULL,'[\"estudiante\"]',0,'2021-08-12 13:50:22','2021-08-12 13:50:22','2021-08-12 09:50:37'),('22f8ec1de535076ac6135dad989209347ed7e3c6b1b18bed644e93def2e0aea364a55640b1a54dad',21,2,NULL,'[\"estudiante\"]',0,'2022-03-09 11:31:51','2022-03-09 11:31:51','2022-03-09 07:32:06'),('23ed26a28c1dd79c66818a9b2f9b9fc9c2b60d14fcf46d8d09895b91e0e3b648e0a6524613878076',16,2,NULL,'[\"estudiante\"]',0,'2022-03-10 13:25:24','2022-03-10 13:25:24','2022-03-10 09:25:39'),('25306945b85baa678cb54e212a915b5ab28482fa88146d287db9472a8519a57cedc34cfceedc6b0b',16,2,NULL,'[\"estudiante\"]',0,'2022-03-10 11:10:13','2022-03-10 11:10:13','2022-03-10 07:10:28'),('25a67a48368fbd1a9ab66f9af122080ffb250341c0b29e819f9a48c4e0c566f7e1c8d8a2828a2983',16,2,NULL,'[]',0,'2021-05-19 04:19:06','2021-05-19 04:19:06','2022-05-19 00:19:06'),('25f2f6cdb6c2294fbb194a413e08e187cf4be3c70a48247d11ed26fcff9a87f9aa2f3d427108954e',21,2,NULL,'[\"estudiante\"]',0,'2021-08-10 15:14:44','2021-08-10 15:14:44','2021-08-10 11:14:59'),('27123a326eee80aea68f0737d7bc80c35a20a0d1dbbcc4fb711eca0deba7ab686007b4ab9c9ab21d',16,2,NULL,'[\"estudiante\"]',0,'2022-01-31 12:22:16','2022-01-31 12:22:16','2022-01-31 08:22:31'),('27ab8cad9dfc89f528764e8b19c4514d83f97ee73c77146e0b291bc1c97be0d7daf0eeea93645597',21,2,NULL,'[]',0,'2021-07-04 05:00:59','2021-07-04 05:00:59','2022-07-04 01:00:59'),('2860249300197d2fafec8519590576d3dd7eff1866f683153f8fd8339a2a04a9ca28e3eba13213b2',16,2,NULL,'[]',0,'2021-05-27 13:33:13','2021-05-27 13:33:13','2022-05-27 09:33:13'),('28c3059188234c91fcc33e28d7eb5bc401c1b8cef7d267d2c69b337b3a44077489fed26d9f0a51a4',16,2,NULL,'[]',0,'2021-05-20 02:03:35','2021-05-20 02:03:35','2022-05-19 22:03:35'),('292554915275bb01172127c498467d2f5bf4a5d08f2aaa5c60e011dcf186ffc45b4d93b2c9ec2e9b',21,2,NULL,'[\"estudiante\"]',0,'2022-03-07 16:54:59','2022-03-07 16:54:59','2022-03-07 12:55:14'),('2a305ba980bbf1e6554de65c8bb950aba75b6f1f6ae7f5ba24e00a36e878ce1cf9d599f82314407d',16,2,NULL,'[]',0,'2021-04-27 02:42:29','2021-04-27 02:42:29','2022-04-26 22:42:29'),('2a4fd3935dc510c7786cb3534dad29a7d5ad49aa0b329fc047cac9a4b322ce34e13c048d837c031b',16,2,NULL,'[]',0,'2021-04-29 13:05:01','2021-04-29 13:05:01','2022-04-29 09:05:01'),('2aa1210a0d57f02854aa463e6cf27d2df609a5e8ec990534a9f76ec773b839f4ec625154427d3bf7',16,1,'MyApp','[]',0,'2021-03-03 22:34:42','2021-03-03 22:34:42','2022-03-03 18:34:42'),('2ad4c7fa1c5a571f0d0c50b308760fbea73228fc9304ee7faf2459dd9ea49aa25d2d8787625d26ca',21,2,NULL,'[]',0,'2021-04-27 20:15:21','2021-04-27 20:15:21','2022-04-27 16:15:21'),('2b9ee269cd61f3c59eaf6aa6707191e26c6a9d0cef4af2517c3b29de11699605d5fdcf6033b89fe6',21,2,NULL,'[]',0,'2021-04-27 19:31:19','2021-04-27 19:31:19','2022-04-27 15:31:19'),('2ff7dd4a45fc11d68c5a9713fa53376e562b6f89ec8ceaa0272718df7cdcd4bf1127d813a0c65b40',21,2,NULL,'[]',0,'2021-04-21 19:25:08','2021-04-21 19:25:08','2022-04-21 15:25:08'),('30bd4dd791f6f1b02317ecf423a5a4ec88aceaae129964e5003da377d0a712408b3e2ae9579075d1',21,2,NULL,'[\"estudiante\"]',0,'2021-08-09 23:52:06','2021-08-09 23:52:06','2021-08-09 19:52:21'),('338d2a673b95fa04113a614fc815260900dd29d19e0558ebec58974597fe9cc31e90f8a633bae8b0',16,2,NULL,'[\"estudiante\"]',0,'2022-01-31 21:08:23','2022-01-31 21:08:23','2022-01-31 17:08:38'),('33be4d90018d895a39217b4d650eb7d0740ce8b3920cd62c18847d8836687e29990336786db7688e',16,2,NULL,'[]',0,'2021-06-14 19:19:15','2021-06-14 19:19:15','2022-06-14 15:19:15'),('340916346a0ae04b4339a3534c2259909fabba1eff44d911983ad865a3461dfb9a341ce5d2bb0df3',16,2,NULL,'[\"estudiante\"]',0,'2022-03-10 12:10:01','2022-03-10 12:10:01','2022-03-10 08:10:16'),('3447a4ddfa7521de2c9c715ee360a07690bdf5eceb27bbdf80daab963b8a832561e8d3b9a0517bad',16,2,NULL,'[]',0,'2021-05-18 15:33:11','2021-05-18 15:33:11','2022-05-18 11:33:11'),('357fcc901b864cea738f39b38f0feb21b292d927d071af4c2a17d66dbf087b3567323d2b004374d3',21,2,NULL,'[\"estudiante\"]',0,'2022-03-07 16:02:10','2022-03-07 16:02:10','2022-03-07 12:02:25'),('3635017c5f1089e53a26736a8d1247460f1bdc283051eb53c296b2edc6e6ba1bb41464e971372504',16,2,NULL,'[\"estudiante\"]',0,'2022-01-31 20:43:07','2022-01-31 20:43:07','2022-01-31 16:43:22'),('368b2fc502e6dcb2342938e83e35e49eb9b9a9a4ddbe78c572a65e23ea8add24e22a693d5abb4da5',21,2,NULL,'[\"estudiante\"]',0,'2021-08-10 15:46:11','2021-08-10 15:46:11','2021-08-10 11:46:26'),('388fbfdb113f5081e2c7518c44bf449b028675dcd610d8084422eddbea5e60e49cda200d28ee2c21',21,2,NULL,'[]',0,'2021-07-04 04:56:43','2021-07-04 04:56:43','2022-07-04 00:56:43'),('39ef0e8d4bc8fda0797db727ceb32c4bb9b567d354329f46768ef1517ea724912e7b0864a4979369',21,2,NULL,'[]',0,'2021-07-04 04:26:23','2021-07-04 04:26:23','2022-07-04 00:26:23'),('3a13308886808eea63a01a7d74f22fcbaea9521fd142d1cbd1eb715a00da14d8c10800d3000eb331',16,2,NULL,'[\"estudiante\"]',0,'2022-03-07 14:45:41','2022-03-07 14:45:41','2022-03-07 10:45:56'),('3aa84a83451181b289db00b3b6b9c694dcaff2c86a6a946070f00eb44268ca8c2faba8a99290ebe7',16,2,NULL,'[]',0,'2021-05-20 01:43:49','2021-05-20 01:43:49','2022-05-19 21:43:49'),('3ab9f261412ebba4e5b00587a178877926537175aecc98d13c120ae6e239e7ddc8315ac15fd46001',21,2,NULL,'[\"estudiante\"]',0,'2021-08-10 15:03:25','2021-08-10 15:03:25','2021-08-10 11:03:40'),('3bb40be431e30aa0a1e1bbcf6b1bab14422ac857ca543b17f84a200f73d8cf5ac8fba0ef8b45260e',16,2,NULL,'[\"estudiante\"]',0,'2021-08-17 15:20:01','2021-08-17 15:20:01','2021-08-17 11:20:16'),('3e75c8fb42033b426ac22b5cf271dc4a04aeea245be4bb6acf41b6fb2278a0292c0855167449b909',21,2,NULL,'[\"estudiante\"]',0,'2021-08-09 23:30:42','2021-08-09 23:30:42','2021-08-09 19:30:57'),('3e8f19eb26e473bbc4859ec90987b34c8e1eac9c1e212fdd3dc9ae9f6c6f5a0dcd5e121e9b660d44',21,2,NULL,'[\"estudiante\"]',0,'2022-03-09 11:23:18','2022-03-09 11:23:18','2022-03-09 07:23:33'),('3fd4b3f96ce32077f420348d93f71712bf4d4ddc31ab3ddbc12c2bc8ce1d87aedaa7a1517838ad8f',16,2,NULL,'[]',0,'2021-04-28 21:36:09','2021-04-28 21:36:09','2022-04-28 17:36:09'),('3fdd4afe4e17b37271b964b27bf02b58c507507eaf8024d02995d016ee29077b73d235b49cc1dc50',16,2,NULL,'[]',0,'2021-07-29 16:13:08','2021-07-29 16:13:08','2021-07-29 12:13:23'),('4073aa8eb1d03c718c10a2068a390355aad1a6714c4f037dae19e1c3eeee5e238fdeabdc939e3853',16,2,NULL,'[]',0,'2021-06-19 00:54:43','2021-06-19 00:54:43','2022-06-18 20:54:43'),('40ae3220851886bd21d3c5a44a5c708ef1d646129aba05c1dafbef37cde5bd049ac5e45c321e7a68',21,2,NULL,'[\"estudiante\"]',0,'2022-03-07 16:19:22','2022-03-07 16:19:22','2022-03-07 12:19:37'),('42bab5b3e7c20d6a31c7d5b2923e420c68c1d9f20ce1fd02908262dc8c770a0662121ee18ce30eae',16,2,NULL,'[]',0,'2021-05-20 01:38:35','2021-05-20 01:38:35','2022-05-19 21:38:35'),('42c3cba3a70bec28c41bc2f3724a0bc9921047a16071e51d65f23f19ada66345dd11436c3bd86dc8',16,2,NULL,'[\"estudiante\"]',0,'2021-08-31 13:55:42','2021-08-31 13:55:42','2021-08-31 09:55:57'),('43159e7ac9d2295efb5a07c7bd021ba785a2bec14eb92d5bcac916e27745978338654ec5646d05a5',21,2,NULL,'[\"estudiante\"]',0,'2022-03-07 16:16:36','2022-03-07 16:16:36','2022-03-07 12:16:51'),('4459192937657bbfbe4f6231071e275960abe5d585b8c517074fad8730dc92d25874c469834df38e',16,2,NULL,'[]',0,'2021-04-27 19:16:07','2021-04-27 19:16:07','2022-04-27 15:16:07'),('44b6d9bc8489c153a004d021dbb992b555abf6996c220306493c47bfc0b6422a93ac36d12067e663',16,2,NULL,'[\"estudiante\"]',0,'2021-08-10 02:00:49','2021-08-10 02:00:49','2021-08-09 22:01:04'),('44dd2cd6f6a9529adbea775e41062e7e0818c53c623bcdd880f28d765c5a8d0450ef918994c2ae15',16,2,NULL,'[]',0,'2021-05-18 14:45:48','2021-05-18 14:45:48','2022-05-18 10:45:48'),('45759f3986f35e5b69201ad2a891fb8a8574a45e2ffcd22a674860b72c9b310fec292b18f57469d3',16,2,NULL,'[]',0,'2021-04-27 20:18:03','2021-04-27 20:18:03','2022-04-27 16:18:03'),('46b2aba946041705b656b26dc302128cf5612a952a7ddd959e6dd06b3a8f5bffcbc69f4d4ad717bc',16,2,NULL,'[]',0,'2021-04-27 16:45:58','2021-04-27 16:45:58','2022-04-27 12:45:58'),('477e6d5de10766d27d15ae232ab5ef146d9bc9199e0ac123cdbd92c92daad9911b51627e79e1a70f',21,2,NULL,'[]',0,'2021-04-21 19:41:44','2021-04-21 19:41:44','2022-04-21 15:41:44'),('498783ea9d33101d01be99c0acd3f058cbd2e8232566a57d1742bd00d7ac0bf07532b187886adf9f',21,2,NULL,'[]',0,'2021-07-04 04:59:58','2021-07-04 04:59:58','2022-07-04 00:59:58'),('4c49122c3148524406fa06e99a2daa12afd3cb2bc2ca708d80fbd375e432ca1ddb5a9682a1b251af',16,2,NULL,'[\"estudiante\"]',0,'2021-08-12 13:42:25','2021-08-12 13:42:25','2021-08-12 09:42:40'),('4c7dff6b05b5215ac4e04cb75df8b0b6d3c52b69b67da63a178e531719e2bac2cd03f4f6c8d8d225',21,2,NULL,'[\"estudiante\"]',0,'2022-02-01 12:48:03','2022-02-01 12:48:03','2022-02-01 08:48:18'),('4ea1b329dba3106206eeadb8181b25c3f39661ce36998eab301c8c7f1248273f089107c3aeec63f3',16,2,NULL,'[]',0,'2021-04-27 16:49:45','2021-04-27 16:49:45','2022-04-27 12:49:45'),('4f0a4735ae654320fcdc3440050e7e298e9d21d76a7a1230de5ff8f11085aad4cf9543c5454b499c',16,2,NULL,'[]',0,'2021-03-03 23:54:42','2021-03-03 23:54:42','2022-03-03 19:54:42'),('4fd3a20c522eb04d4fef092481376bd73d14f5a4a5699a732316c21dfbd9d7e4137b59ebe20e2f0d',16,2,NULL,'[]',0,'2021-05-05 12:36:26','2021-05-05 12:36:26','2022-05-05 08:36:26'),('504d2682437a2e085bdaaa1c7df7ab6de6656f201508b25eb52cf0eb8bf957ef79edfce9d881e825',21,2,NULL,'[]',0,'2021-04-27 19:39:59','2021-04-27 19:39:59','2022-04-27 15:39:59'),('515238ff74548f9c78e51c8054bda9bf96e97edd3491d0c7a340824c2292c9132e2f4fa0ff917002',16,2,NULL,'[]',0,'2021-07-29 14:54:25','2021-07-29 14:54:25','2021-07-29 10:54:40'),('51a5d1d7cc40b20f1214ef4a69710eaaa2c1bead8ae4b6c8c00e9afe3273097d9fe64cd15d741b98',16,2,NULL,'[]',0,'2021-07-14 05:56:02','2021-07-14 05:56:02','2022-07-14 01:56:02'),('51c35557c374aa7c1e580cf64bec3617db7adbd687c88ebf0bdeefb2fd216a05641ad3c3eb4abd26',16,2,NULL,'[]',0,'2021-05-18 14:40:29','2021-05-18 14:40:29','2022-05-18 10:40:29'),('51cc7901550a6bb8f869deb702614fe8397709fb57a80cd8f33ca14737f288013f915279662f4bd9',21,2,NULL,'[\"estudiante\"]',0,'2022-03-09 10:51:18','2022-03-09 10:51:18','2022-03-09 06:51:33'),('54bbdb0416c2916e4906ec4aff196a1c5a2f5a25fe1a3a29b9045eee0818726457dbba9ad71c3d2d',16,2,NULL,'[]',0,'2021-06-16 13:30:37','2021-06-16 13:30:37','2022-06-16 09:30:37'),('54efba08dde36fd0c04335dc2f2932fed410c5e50fd44a57f668d7442277496534996c0d9c2e49e3',21,2,NULL,'[\"estudiante\"]',0,'2021-08-10 15:33:20','2021-08-10 15:33:20','2021-08-10 11:33:35'),('558f07843ad3f549ebf905507d32b65a37deef24e2c4209359678c168bbf43699a07a0aca692b531',16,2,NULL,'[]',0,'2021-06-29 13:00:46','2021-06-29 13:00:46','2022-06-29 09:00:46'),('55944836658ced59a4c515b36bec4ec6abeebf6428da6a26d97771095c4ce8fdbf6efcc704470802',21,2,NULL,'[]',0,'2021-04-27 19:19:30','2021-04-27 19:19:30','2022-04-27 15:19:30'),('55cdfb113e4e3b2e5556d9ecdde328db78c7534f3b87e71709ed5d94630f3daeb2f98deb01108d14',21,2,NULL,'[]',0,'2021-04-27 19:50:05','2021-04-27 19:50:05','2022-04-27 15:50:05'),('5644246696cba6f2d8d9bfbe1327b502ae417953db109f37f752d7b930fc8514ffb898899e98c91d',16,2,NULL,'[\"estudiante\"]',0,'2021-08-12 13:48:51','2021-08-12 13:48:51','2021-08-12 09:49:06'),('56f4679222c57c7aaaa07a1bf82d6120cc41f80a12bc7cf3b519309bb8c60763314f4ba59f2c35d1',16,2,NULL,'[]',0,'2021-03-24 05:11:04','2021-03-24 05:11:04','2022-03-24 01:11:04'),('58711af8ec78a8f83e2c686ab64bce5a92705aea5f8ebcfa864c64d141f0cd27d957e5ba2c6050de',16,2,NULL,'[]',0,'2021-07-10 11:34:06','2021-07-10 11:34:06','2022-07-10 07:34:06'),('58eeeb4f5cf6d300247e223de4c39c7d4c0051600d67e051f89369159afe9cda2c0027fbbb2355c6',16,2,NULL,'[]',0,'2021-04-27 16:43:55','2021-04-27 16:43:55','2022-04-27 12:43:55'),('5a37e5eb60c79d83d5e092212f55f8440ebd44604aca376a8195c591ae75acb6c518b741083babae',16,2,NULL,'[]',0,'2021-04-27 16:54:28','2021-04-27 16:54:28','2022-04-27 12:54:28'),('5a3fcc6f355b72bc740f6b6b66a0fabc3e2e2361d9c7859aa336cbeac787e7563c371bc88b371904',16,2,NULL,'[]',0,'2021-07-29 14:33:09','2021-07-29 14:33:09','2022-07-29 10:33:09'),('5a616918f9dcd7a8ccbc67bba50981613fb88ae30a0c00966c640dc41fa05b19653d3ed8561fa1a4',21,2,NULL,'[]',0,'2021-04-27 19:56:41','2021-04-27 19:56:41','2022-04-27 15:56:41'),('5c9189519f47a158b440c5aebe4b0bd74f6b3d17e7f1c354aae1b63ff48bebb90c817d319e19e3d1',21,2,NULL,'[\"estudiante\"]',0,'2021-08-10 15:02:40','2021-08-10 15:02:40','2021-08-10 11:02:55'),('5cfece66ebed691cb2422f189f4ff89978b779f08ffe38d25f67339232366167d992af6572a88211',16,2,NULL,'[]',0,'2021-04-27 16:44:45','2021-04-27 16:44:45','2022-04-27 12:44:45'),('5d3a91b668e9558958f554c82cbe0eb354b9166fee59418cbe9ef152d0cb5f75ccabcf4caf2a26d6',16,2,NULL,'[]',0,'2021-04-27 11:57:24','2021-04-27 11:57:24','2022-04-27 07:57:24'),('5f0825545f996aa7149fe996b2bc21e7a5004b83da3f1f7c3b9dff87c3232576e63dac5edec222e6',21,2,NULL,'[\"estudiante\"]',0,'2021-08-10 15:00:12','2021-08-10 15:00:12','2021-08-10 11:00:27'),('5f7b4326f6d29e9afa3d13f26ebc01a912aa8746cb14a1ea3abc8edc4234ce363ab688827725c98b',21,2,NULL,'[]',0,'2021-07-14 01:06:29','2021-07-14 01:06:29','2022-07-13 21:06:29'),('5fed2bb1d71132e8cfefc6c2f653f29c57d87dc9ab2902d0358b61943540ed377c2c74111433741a',16,2,NULL,'[]',0,'2021-05-19 03:29:33','2021-05-19 03:29:33','2022-05-18 23:29:33'),('60afd3bc178c44ffe39c140eb90df84a43cc0630f0b0c815fd8de6602cd664ecfeda68a7f0d79c21',16,2,NULL,'[]',0,'2021-07-15 15:58:52','2021-07-15 15:58:52','2022-07-15 11:58:52'),('60b9e69e70a5b3a965faa8fe23da2e5f20e9a502766660795dc867b32acc0a7c8d1b2a76c8c6c383',21,2,NULL,'[\"estudiante\"]',0,'2021-08-09 23:30:03','2021-08-09 23:30:03','2021-08-09 19:30:18'),('62c2c23daa84a117ee38b61411edc25e034cee8623c81e5aa80e966e0b271f01de984d5fe57a83a0',21,2,NULL,'[]',0,'2021-04-27 20:11:02','2021-04-27 20:11:02','2022-04-27 16:11:02'),('635477efa4cda7702758c96d05c20b1d27c5334cbe4578f676c9d4e490ee2fa731ad1e3b0944302d',16,2,NULL,'[]',0,'2021-04-27 16:16:08','2021-04-27 16:16:08','2022-04-27 12:16:08'),('66c1ffb3f4620b85ec166980ff49e3eca0915f46d0d2ff2cde56be560fcdd3ddea64343406eb2279',16,2,NULL,'[]',0,'2021-07-29 15:40:34','2021-07-29 15:40:34','2021-07-29 11:40:49'),('672ba37f7d10b8f453c158eb063c257b4990f728f7446d216a2ab33d90f072f8de2974e7c9d1b428',16,2,NULL,'[\"estudiante\"]',0,'2022-03-09 17:09:32','2022-03-09 17:09:32','2022-03-09 13:09:47'),('6772b3e7d3e2f323c915a6c3046fd81d5d2edab202909e40d0e2a9e68e76ba1bd58e3fb86ebbf64e',16,2,NULL,'[\"estudiante\"]',0,'2021-08-09 23:29:00','2021-08-09 23:29:00','2021-08-09 19:29:15'),('67fee77e7b1f0b9837bc29405510c99f472b63ebc0113625dbf0cc732647e7fe226ae37d0ceee97f',21,2,NULL,'[\"estudiante\"]',0,'2022-03-09 11:22:04','2022-03-09 11:22:04','2022-03-09 07:22:19'),('680595e9802b2619125c3ea9fd10ae38973e467d088225c7636524835d033333188ae79ffcd1bf29',16,2,NULL,'[]',0,'2021-03-03 23:54:20','2021-03-03 23:54:20','2022-03-03 19:54:20'),('6839afe87e6e24973d1600059cf74ba0869362eafe618922a16e6268cead4ae0a9d2e4a06c74a2e3',16,2,NULL,'[]',0,'2021-04-27 11:57:14','2021-04-27 11:57:14','2022-04-27 07:57:14'),('6976d15fdaa022e495c3cc74825ab7735007c8bfa42b00a935177fe39b40bf4953f3d0f45c468ca1',16,2,NULL,'[\"estudiante\"]',0,'2021-08-17 19:19:26','2021-08-17 19:19:26','2021-08-17 15:19:41'),('698096b238ede855a2abd6475af5c84c162dd79c327ed5360ec5b794f8aa204e2b5910c8811c93f4',16,2,NULL,'[]',0,'2021-04-27 18:38:03','2021-04-27 18:38:03','2022-04-27 14:38:03'),('6a5e41e9304ac22f86f9777e7a75284a1621bd1859cbe4179c853410c126b672616aa8de56c2db4d',21,2,NULL,'[\"estudiante\"]',0,'2022-02-01 11:54:19','2022-02-01 11:54:19','2022-02-01 07:54:34'),('6adb972579263471cf5f38a98c634a10def253bc1c110ea953f61f5784af7765ce1549befae51ee6',21,2,NULL,'[]',0,'2021-07-04 04:57:35','2021-07-04 04:57:35','2022-07-04 00:57:35'),('6f71c71bf363a69593d846b63a79879c3ea99f99c8a52f9212e15cf13fdf1fba7951eb94d68f17c2',21,2,NULL,'[\"estudiante\"]',0,'2021-08-10 15:06:59','2021-08-10 15:06:59','2021-08-10 11:07:14'),('718005e5c99b5a45f79e6c10d003a7e5f57bda847a50fa0a984efb149e753789ac88a17910f06e56',16,2,NULL,'[\"estudiante\"]',0,'2022-03-10 11:14:40','2022-03-10 11:14:40','2022-03-10 07:14:55'),('724d55d4fcca578a746b92e41d3d87933097344b0840794f83f2ed8daf192a09506f7bd4fea37e06',16,2,NULL,'[]',0,'2021-07-16 01:23:14','2021-07-16 01:23:14','2022-07-15 21:23:14'),('72ffa8473bdd9fb69588745b136f10f8aab509e99329845c923e08e70983c97ac52f4bd42ba21828',21,2,NULL,'[]',0,'2021-04-21 19:53:24','2021-04-21 19:53:24','2022-04-21 15:53:24'),('73b0dd151b8f8aeed6ff71538eba8bfa4c5eb45d174314ab89d768f81bc76d31ea315eea1abb2706',21,2,NULL,'[\"estudiante\"]',0,'2021-08-17 14:31:24','2021-08-17 14:31:24','2021-08-17 10:31:39'),('751eb06b046768b0b99cfe76a5ac07f68c122a9ae3d2f8cf297b5d8f85753d86161fc5bbb1ccb0fb',16,2,NULL,'[]',0,'2021-04-28 15:09:36','2021-04-28 15:09:36','2022-04-28 11:09:36'),('75ef0724f0df97ea5c0171b5f8266bb57c5340a0543743fec537425eb551a8cb119113a49031c717',36,4,'MyApp','[]',0,'2021-07-14 06:03:08','2021-07-14 06:03:08','2022-07-14 02:03:08'),('766a927f3dc57fb1b5f582cf3b10ed6cf7689e1c70dcc078b0905a6b554cf2c246697cf12aa5ee09',16,2,NULL,'[]',0,'2021-03-28 22:39:47','2021-03-28 22:39:47','2022-03-28 18:39:47'),('772e5be7ddb20af53d03d5f5e5cc5f116e23f56df38d1de619099e7bce102c66f80fb95a3aed967c',21,2,NULL,'[]',0,'2021-07-04 04:20:47','2021-07-04 04:20:47','2022-07-04 00:20:47'),('7755a297ef1f635c07268bea466a06fbe337ebe2a148d5fd374f05f71321903db9ba4de70d4ce973',16,2,NULL,'[]',0,'2021-05-19 03:31:05','2021-05-19 03:31:05','2022-05-18 23:31:05'),('77fd08a247ea730037c768fbff2090afa3db4f7d7227a4184c5231c7acde45f0373eb1b0e8d69299',21,2,NULL,'[]',0,'2021-07-04 03:36:05','2021-07-04 03:36:05','2022-07-03 23:36:05'),('7879295b7f805f7063c2e8b6e3e5ad14c9d8ca959320aa621c42ea980100f81e156694b69e84635b',16,2,NULL,'[]',0,'2021-04-29 14:10:10','2021-04-29 14:10:10','2022-04-29 10:10:10'),('78aca13ddffef0b08c1801b933bfed443f585af21b24291bb021b5fd0bf7b64431e35a980feb395b',21,2,NULL,'[\"estudiante\"]',0,'2022-03-07 16:40:21','2022-03-07 16:40:21','2022-03-07 12:40:36'),('79700b2bae7106a0b42aeb759bd7f2cadc893a968575f60669a645137dd02af4002da7ec952e8996',16,2,NULL,'[\"estudiante\"]',0,'2022-01-31 19:11:28','2022-01-31 19:11:28','2022-01-31 15:11:43'),('79cf633e36440addc1d6fac22d31885f78d2d8d0b4e74e3c9cc5fed08fa03616b81c1a6e2574ecf5',16,2,NULL,'[]',0,'2021-07-01 14:58:57','2021-07-01 14:58:57','2022-07-01 10:58:57'),('7a38cd07e06141349de52fab6dea6e0eb2abb128a6efaa88f196572d3132d05a124c41ab55729ce0',16,2,NULL,'[\"estudiante\"]',0,'2022-02-01 13:00:56','2022-02-01 13:00:56','2022-02-01 09:01:11'),('7a3c35157929b96bd78ba85aa1b134fe495f9113c62e752a639095fdbaddb46eadec9239187447ef',21,2,NULL,'[\"estudiante\"]',0,'2022-03-09 11:33:29','2022-03-09 11:33:29','2022-03-09 07:33:44'),('7c9a2cee71d7c28a71c7fa33edbccd7c69534b0e9b4fbb43b00a8c7f40caf8733b5f461a58ddd62c',21,2,NULL,'[\"estudiante\"]',0,'2021-08-17 14:54:45','2021-08-17 14:54:45','2021-08-17 10:55:00'),('7cc82123562bed8149f25841f90975d80dcc88598d822c4affec35e9ba79061b59b9de0c8f58eeba',21,2,NULL,'[\"estudiante\"]',0,'2022-02-10 11:04:09','2022-02-10 11:04:09','2022-02-10 07:04:24'),('7e00d08eb332db2140d970b929cc5a1ef9d994134275d45b8dc74e9ef56aeb98a6dafb3c593b797d',16,2,NULL,'[]',0,'2021-05-18 14:36:15','2021-05-18 14:36:15','2022-05-18 10:36:15'),('7e1cdc21df77a66f0ba93bd4ae29ba533f784b908cf75630c481f657b681779cbd9b05206474351e',16,2,NULL,'[]',0,'2021-06-08 13:18:57','2021-06-08 13:18:57','2022-06-08 09:18:57'),('7f62149c4cc8465f62027e7cfca99fbb39aaef8d1baca10b556345eb99e41d8dda716f6aeeadc4a7',16,2,NULL,'[]',0,'2021-06-10 23:06:27','2021-06-10 23:06:27','2022-06-10 19:06:27'),('7fa46e334147c8764fd92f17e524d87414f56bec05a50e77c399cc9efe4d501f155d66e70e2de9c6',16,2,NULL,'[]',0,'2021-06-07 15:10:03','2021-06-07 15:10:03','2022-06-07 11:10:03'),('7ff7aa5c669f7910f2bc562de72b99ad778eec3afc1fd435565618e3f2f99755828101ccc0406f46',16,2,NULL,'[\"estudiante\"]',0,'2022-03-07 16:48:45','2022-03-07 16:48:45','2022-03-07 12:49:00'),('814ab7ded5e7bffa607fdfaf989dd3d67d4f5f83966791847adcb4837b663841f503ea84d7500b84',21,2,NULL,'[\"estudiante\"]',0,'2021-08-10 15:15:59','2021-08-10 15:15:59','2021-08-10 11:16:14'),('815d6f2324a9324a0b53a1721cb97707a5336066320a521105da7cf7d7f9ce2467db65f0ef641b34',21,2,NULL,'[]',0,'2021-07-29 16:15:54','2021-07-29 16:15:54','2021-07-29 12:16:09'),('81606b8a1ba6d2c26a0c41effc87a78f1967c3e12b3c7b85fe8540623ace909fb11a931b9f66acf0',16,2,NULL,'[]',0,'2021-04-29 00:36:37','2021-04-29 00:36:37','2022-04-28 20:36:37'),('832e21d99b4fbfe5ca0eeb451cea79281c36c04c56fa4806a776d47b5930f692865e62bb466a3e41',21,2,NULL,'[\"estudiante\"]',0,'2022-03-07 16:37:53','2022-03-07 16:37:53','2022-03-07 12:38:08'),('832e4c94e85fe4fac91a86bb291f53c1cbf62c93102182671fb72896f1a14d4384fd0e1b4b62bced',16,2,NULL,'[]',0,'2021-03-04 00:07:24','2021-03-04 00:07:24','2022-03-03 20:07:24'),('8396748aa96987c983bb8c8a6b5198ebc9ae612b6de6f252e2c6b8ae452f50eee8499b341a884c69',16,2,NULL,'[\"estudiante\"]',0,'2021-09-18 04:46:52','2021-09-18 04:46:52','2021-09-18 00:47:07'),('843e6b23ea6255ee7e61c7735d36ea1b07d81c53dd884a174e6eb4e953a1da979bba99557ce080be',21,2,NULL,'[\"estudiante\"]',0,'2021-08-10 16:22:06','2021-08-10 16:22:06','2021-08-10 12:22:21'),('847b29f9e36babfd757cfa923a5b4cace1c456f97b28ee3ddb95c9f0c8102dfe3544456bed971737',16,2,NULL,'[\"estudiante\"]',0,'2021-08-17 14:38:52','2021-08-17 14:38:52','2021-08-17 10:39:07'),('87ffe47b6a7140e7a9783b32895f0587848d9f09853ee2ac303ca0e23e38bd709fcd6ef7b8e49721',21,2,NULL,'[\"estudiante\"]',0,'2022-03-07 15:54:18','2022-03-07 15:54:18','2022-03-07 11:54:33'),('887c1b9ce840baeb803a4c8cbaa4256d497a1da0b52265793c09ebe409499ebdcca430cdd6c054c4',21,2,NULL,'[]',0,'2021-03-03 23:55:44','2021-03-03 23:55:44','2022-03-03 19:55:44'),('88c8b3123f4c77169390f841e5c3f8921c4e6ed1aee7ef438089f0101d8c85861b8b858c414cb573',16,2,NULL,'[\"estudiante\"]',0,'2021-08-13 21:43:34','2021-08-13 21:43:34','2021-08-13 17:43:49'),('89941b3e90a8d38926c017b5b379129373c3212911d95e88ebd618edcdee5bd336682c6adf0bf3b6',16,2,NULL,'[]',0,'2021-04-27 16:45:23','2021-04-27 16:45:23','2022-04-27 12:45:23'),('8ba2713718b191c78d078566fe54d213cbee78f40ceb20196d3db030cecf0fd3733866af3a998fd7',16,2,NULL,'[\"estudiante\"]',0,'2021-08-10 02:16:06','2021-08-10 02:16:06','2021-08-09 22:16:21'),('8c91f9e1bf1e2d253a4f0bf34b63801406099848603c63e7d65f501ab1f3fabc166809e0ff525449',16,2,NULL,'[]',0,'2021-05-18 14:25:12','2021-05-18 14:25:12','2022-05-18 10:25:12'),('8f3fd62ddb0402625a1232ac8abd11c0dea1cd6a0c55447e50acefe378ac25368c52cd4e645f67ef',21,2,NULL,'[]',0,'2021-04-27 20:25:00','2021-04-27 20:25:00','2022-04-27 16:25:00'),('8f5e360a8165613eeeac509cd168daa2df215830fae323080c7c111887f8230254d2eee4b1e819dd',16,2,NULL,'[]',0,'2021-07-07 14:54:05','2021-07-07 14:54:05','2022-07-07 10:54:05'),('906d47dfc3c7b368123c5a87e480a3d5a8da5d2618e39698da0d28c0dbd3bc1365f2f24faf7b33a3',16,2,NULL,'[\"estudiante\"]',0,'2021-08-17 19:36:42','2021-08-17 19:36:42','2021-08-17 15:36:57'),('9173314da1980bfa80baf5dbb0f539c5ac644d6c3a26037cb874f511c9eb99ace7c4c0ad5e83594f',16,2,NULL,'[]',0,'2021-05-05 05:31:49','2021-05-05 05:31:49','2022-05-05 01:31:49'),('9232cc3e02874f1425978ce0f1adbf0d6bc601e7cdfe995ec51f09f778896c02024c8b68c40ab7ce',16,2,NULL,'[]',0,'2021-04-21 19:11:21','2021-04-21 19:11:21','2022-04-21 15:11:21'),('927688088a5bf51bb25eb556926fa268ed950401ae97d1b851d7a59b906e257655098adbc40095ef',16,2,NULL,'[]',0,'2021-06-22 17:09:34','2021-06-22 17:09:34','2022-06-22 13:09:34'),('93a95a281318470d156884f8c056ea366936933b080345ecf758cf25e88a1eb71530fea1999b60d6',21,2,NULL,'[\"estudiante\"]',0,'2021-08-10 14:56:38','2021-08-10 14:56:38','2021-08-10 10:56:53'),('93fb4b18d9e43b15cc0fcb874965e4cdd6d6409afbea595a6c4cfc04ea2af03c60928d46be05d186',21,2,NULL,'[]',0,'2021-07-04 05:13:39','2021-07-04 05:13:39','2022-07-04 01:13:39'),('949ff83b1000635a85f83bb9342fa3be8d9f24b44c646d90f4afae2991e4fbc972d164dd91455960',21,2,NULL,'[]',0,'2021-07-04 04:48:01','2021-07-04 04:48:01','2022-07-04 00:48:01'),('950e8d31017cb59d6d4128005e0e62bb06ce097fba9cfc44441b1d6fa963153ba90444af7c770deb',16,2,NULL,'[]',0,'2021-05-18 14:32:03','2021-05-18 14:32:03','2022-05-18 10:32:03'),('958d09012cbd321e45a24bdbae1af7d371d048e59a447736d05485561a73743e8f82950b08cf8b01',21,2,NULL,'[\"estudiante\"]',0,'2021-08-10 15:37:05','2021-08-10 15:37:05','2021-08-10 11:37:20'),('9676bfa10fa9bf8dea383d76cd2c9b25ac499306b9eddcb657ecd535094b66a20421cd368d5342fe',16,2,NULL,'[]',0,'2021-07-04 03:22:22','2021-07-04 03:22:22','2022-07-03 23:22:22'),('96bd9b6bb18518a55b32a494448033e26cc4cfb212668f638a58b6a420763619f2eca2d98c481264',21,2,NULL,'[\"estudiante\"]',0,'2022-03-09 11:16:31','2022-03-09 11:16:31','2022-03-09 07:16:46'),('97a7aa410d1a091ffbad7e2ce90a4f754f6e0e6dd91f01d1d97fbae7b1763bf10da79dd6cc1f44e3',16,2,NULL,'[]',0,'2021-04-27 19:59:16','2021-04-27 19:59:16','2022-04-27 15:59:16'),('982b408091b5a4a055d62b60a7adaffdf399e2207d8ab7b8027e47621b96004c8e61dc37c443fddc',16,2,NULL,'[\"estudiante\"]',0,'2021-08-17 20:28:38','2021-08-17 20:28:38','2021-08-17 16:28:53'),('992077aa9b31e536d01dbe4707beeb7989d9c3e484b005fb6f41d4d45667b945b70d8b14eef5b5e1',21,2,NULL,'[\"estudiante\"]',0,'2021-08-10 16:19:37','2021-08-10 16:19:37','2021-08-10 12:19:52'),('9af38a8ffe6fcdd5019ce361f9f5855a172f516d950914903aae6a13e658cce2179ed5c17943ea65',21,2,NULL,'[\"estudiante\"]',0,'2022-03-09 11:25:19','2022-03-09 11:25:19','2022-03-09 07:25:34'),('9aff67b0576ef54de9d94ef9547e6e894d210041e6401dff49d3fba646d2fcbbd02153cdc3ec8ab4',16,2,NULL,'[]',0,'2021-04-27 11:49:08','2021-04-27 11:49:08','2022-04-27 07:49:08'),('9b4f1caa3450bb2a2ccf0cc3bcb3b9482c7bd5c948287b58f982dc3f668f051c23e349d2e0bbfed9',16,2,NULL,'[]',0,'2021-07-10 04:14:03','2021-07-10 04:14:03','2022-07-10 00:14:03'),('9bec44c8351857e7156547e7ab30142577cb07254188c30da2e824403ac8077e5f021be2d37b7cd9',16,2,NULL,'[\"estudiante\"]',0,'2021-08-13 03:51:00','2021-08-13 03:51:00','2021-08-12 23:51:15'),('9c4ad9497e1ff81af58f6a8391ee612782e1f6ef7869a28e8ba9d68229db10dc92c38033ee533cf5',21,2,NULL,'[]',0,'2021-04-21 19:41:30','2021-04-21 19:41:30','2022-04-21 15:41:30'),('9cd60423b03afe8408cdc55ed73962cbc7121d8ee06436dbb0a76364103fdcc9594274a5fe1a8351',16,2,NULL,'[\"estudiante\"]',0,'2022-02-10 11:07:10','2022-02-10 11:07:10','2022-02-10 07:07:25'),('9d77418e5048cf2bed44927c1bdf667ba5a8b15a546b49904ff9207512d255024e3f5a47add1d7a3',16,2,NULL,'[]',0,'2021-04-29 14:10:04','2021-04-29 14:10:04','2022-04-29 10:10:04'),('9f3128d07977801bc8528af2d93878d80f0a140f416356e1be0b257c5e0cdf3c0650ead1ec5907be',21,2,NULL,'[]',0,'2021-04-27 19:59:29','2021-04-27 19:59:29','2022-04-27 15:59:29'),('9f5854bb5f5a28e7e0a63bbd846ee01e5a5c40511bcddc06307603ec2a184d381548905e37155541',21,2,NULL,'[]',0,'2021-04-21 17:50:06','2021-04-21 17:50:06','2022-04-21 13:50:06'),('a044af2b3bc9b8b174a4439a94975b0c478077faba8438a9a4540071ddc5cdeb0ac62b839ff53a2c',21,2,NULL,'[\"estudiante\"]',0,'2021-08-17 14:30:32','2021-08-17 14:30:32','2021-08-17 10:30:47'),('a0705288bdf22a2c71162d5feaeeb106f725a84736338ff647a4c748a85842674aaf326585e2e57e',21,2,NULL,'[]',0,'2021-07-16 04:02:54','2021-07-16 04:02:54','2022-07-16 00:02:54'),('a09905e40961a29e09822933ca034515808fa4f743ed0307a91574356fc7db5212fd8153e54a1f0e',16,2,NULL,'[]',0,'2021-05-18 15:31:57','2021-05-18 15:31:57','2022-05-18 11:31:57'),('a0fbb56ec77bdb7aa022422ca631d1c1eda45d523ebc369055bf9c6521256319e05a704ed829e83e',16,2,NULL,'[]',0,'2021-05-18 14:23:31','2021-05-18 14:23:31','2022-05-18 10:23:31'),('a14464d2db0a2faeed29180e0f3acab87f15569f7fdc3a903069d2a74829b349786cd04615179e3a',21,2,NULL,'[]',0,'2021-07-29 14:52:41','2021-07-29 14:52:41','2022-07-29 10:52:41'),('a44fd8b210b1b5bcc7e26c357e83b65677a4cc099713694dca0f124dc9d1cdd5b8647e53c1b34948',21,2,NULL,'[]',0,'2021-07-04 04:54:58','2021-07-04 04:54:58','2022-07-04 00:54:58'),('a4be5336b136e380ee97be8cc86dcc9e8e95126b8d4001a44f42f4b44fcf1a65e7bcbd71b30605e5',21,2,NULL,'[\"estudiante\"]',0,'2022-03-09 11:32:54','2022-03-09 11:32:54','2022-03-09 07:33:09'),('a586447efe29086888490df2caa9dd0878205407ffc934d16999e3b5e6c82389ea6cf5fa3ac4457d',16,2,NULL,'[]',0,'2021-05-18 14:38:55','2021-05-18 14:38:55','2022-05-18 10:38:55'),('a5aa70bf94f606a22539f2476032404389200af170c40d8e2e674f65353592dc82944b7751aed2bb',16,2,NULL,'[\"estudiante\"]',0,'2021-08-10 16:26:01','2021-08-10 16:26:01','2021-08-10 12:26:16'),('a813ebcaafa782357f8b832f895dd11c2ea63607f39d4a6c66a42f0e41a6a286c161f162223132b1',16,2,NULL,'[]',0,'2021-05-18 14:26:27','2021-05-18 14:26:27','2022-05-18 10:26:27'),('a933af00faa21f84dc788ee5fb3eb4868a75ca6a019c46dc64610265d8a14d5d1feafdb3a7f4697c',16,2,NULL,'[]',0,'2021-06-29 16:32:07','2021-06-29 16:32:07','2022-06-29 12:32:07'),('a9dbb5c066ee95b3f9ec2cdefd073f381f1226917d1a4a43d6a95f870c8ae72f00e2726c2b945ec8',33,4,'MyApp','[]',0,'2021-07-14 01:02:19','2021-07-14 01:02:19','2022-07-13 21:02:19'),('aa0199d475613d52269a7d857d0d9443591ec5e4ecb1fa74bdafd982eea396621a03560c61fdc090',16,2,NULL,'[]',0,'2021-05-18 14:30:32','2021-05-18 14:30:32','2022-05-18 10:30:32'),('acc8575a1fd91c35efab316e76df6feb95df629dbaefb6265f22b555f09b178326121edcb130e67c',21,2,NULL,'[]',0,'2021-07-04 05:38:55','2021-07-04 05:38:55','2022-07-04 01:38:55'),('ad68ce2d32c9e6d48f01a497f1f35e8486fd3e7b3689e4acb3228216431cf1f16cf35ae509dcc45c',16,2,NULL,'[]',0,'2021-04-27 16:55:19','2021-04-27 16:55:19','2022-04-27 12:55:19'),('ade946b87724dd51594c1baf303c20be3001604974e38075911e177995f05858428652615438da53',16,2,NULL,'[]',0,'2021-05-18 14:41:34','2021-05-18 14:41:34','2022-05-18 10:41:34'),('aece02edc620373dccf0bf161a5084f9e553b5bbc5f4b750a0f0f2e6b8d1c099a9f85ecb78c2e322',21,2,NULL,'[]',0,'2021-04-27 19:42:34','2021-04-27 19:42:34','2022-04-27 15:42:34'),('aef9c4eaa8226b9435620da157c4245d73e513f5915e1ff7cff57fc933e547be93af7621dc39461d',16,2,NULL,'[]',0,'2021-04-27 19:21:10','2021-04-27 19:21:10','2022-04-27 15:21:10'),('afaf8df1dc909b50c79f06e6feb6a37366b0c8ba51d4e4ce60bb2a748e8ab0bde13a1cf2378ce3c7',21,2,NULL,'[]',0,'2021-04-27 19:28:40','2021-04-27 19:28:40','2022-04-27 15:28:40'),('b19c0e287df273e547886b153fb16df555ec62dcfd84d0addfb1f3b7f225a0c89054cf62138c6605',21,2,NULL,'[\"estudiante\"]',0,'2022-03-07 16:38:29','2022-03-07 16:38:29','2022-03-07 12:38:44'),('b326267af2d7b08bafb3e1611e8e8b467d667edba8f5d20538a8cab038a3a98df73b73bb54718749',16,2,NULL,'[\"estudiante\"]',0,'2022-02-10 11:03:38','2022-02-10 11:03:38','2022-02-10 07:03:53'),('b338991101990f738928544a33fb4ef07cfcade11e684978d02382641f272f62062d22f5ae332e83',21,2,NULL,'[\"estudiante\"]',0,'2021-08-17 15:19:31','2021-08-17 15:19:31','2021-08-17 11:19:46'),('b3518d352731c282cce352eb56bc0ae66b52b9bdbd6a19cec880785d9fdcf8ecd705b2edcde359b4',16,2,NULL,'[\"estudiante\"]',0,'2021-08-17 16:47:19','2021-08-17 16:47:19','2021-08-17 12:47:34'),('b3ebf3dc1d47337b92bd0fc032be0a284e62b4bcf9115b169c3ed27097728221a4cb6b3e6c6afd39',16,2,NULL,'[]',0,'2021-07-04 06:16:39','2021-07-04 06:16:39','2022-07-04 02:16:39'),('b401edaebc1297d1c6bdf2c3133212a74f995438aa340667d4db8f9a2396914aafbf6f773d35c796',16,2,NULL,'[]',0,'2021-05-18 14:48:34','2021-05-18 14:48:34','2022-05-18 10:48:34'),('b774d569b231276d4077253148eadae8a37e0e01aae68627835986b1ca4ddaefde1b2363eded9626',21,2,NULL,'[\"estudiante\"]',0,'2022-03-09 11:17:00','2022-03-09 11:17:00','2022-03-09 07:17:15'),('b7ed2c8569912851c811bc3a2807ad6f78d0280253347abfb71a848c7845ce6e6e1f158d51aef3de',16,2,NULL,'[]',0,'2021-03-04 00:24:32','2021-03-04 00:24:32','2022-03-03 20:24:32'),('b936c891a725b7f19f79d992e8790a73458fea01b07e2e2954e20e6d4ae74f5016d095843311c2ef',16,2,NULL,'[]',0,'2021-07-15 15:58:52','2021-07-15 15:58:52','2022-07-15 11:58:52'),('b95ca300b2cad05d01c24c19ea92cbaff838cf6dec438da43679d1fe252e8b0207c13714c36e13cb',16,2,NULL,'[]',0,'2021-07-14 01:06:57','2021-07-14 01:06:57','2022-07-13 21:06:57'),('ba7f558c2d58b92c15a68a68bc8af5ceaaa562439eec123edc39a0795c41c3d9336105f9bd4a99e3',16,2,NULL,'[]',0,'2021-05-20 00:35:24','2021-05-20 00:35:24','2022-05-19 20:35:24'),('babe30b425d2bd6731d9d6a9e1180ff0bb495c474d75a376f22c428f8a156fbdf0aea76f35245287',21,2,NULL,'[\"estudiante\"]',0,'2022-03-07 16:48:22','2022-03-07 16:48:22','2022-03-07 12:48:37'),('bafa7d453efbaf2b5e2784441a6016d5cc2364c739f8f76018148e2f9337c4a2f9dad33ef46da6a4',16,2,NULL,'[]',0,'2021-06-01 11:27:32','2021-06-01 11:27:32','2022-06-01 07:27:32'),('bc7a81758c07fcfb929fb5e36ac441378ab9474489ee0f9cd1d008f24451d8991c434f9019824607',16,2,NULL,'[]',0,'2021-04-27 16:42:33','2021-04-27 16:42:33','2022-04-27 12:42:33'),('bcd58754ad88f4b71d27f5994c3c60b4b64526cee81572fc490f0b54881ab5fef13167fd1561db63',16,2,NULL,'[]',0,'2021-05-18 14:39:06','2021-05-18 14:39:06','2022-05-18 10:39:06'),('bd368bab11084dbc1a487daad6b352dee5c06161d2caed75924fd03302e55652eaa11ae9323f6e4f',16,2,NULL,'[]',0,'2021-04-27 16:54:40','2021-04-27 16:54:40','2022-04-27 12:54:40'),('bdba95d24ce7fc2230c567549d142b22c2186f995a23508cdc6d302e9df308b28f4f08d27edfe99b',37,4,'MyApp','[]',0,'2021-08-13 03:18:55','2021-08-13 03:18:55','2022-08-12 23:18:55'),('bea13f6ef214a7a57cf86a42d74b6ccdcefef806f3655a63786bcfe8bc2a008a97fc65622d4306fe',16,2,NULL,'[\"estudiante\"]',0,'2022-02-01 13:09:49','2022-02-01 13:09:49','2022-02-01 09:10:05'),('becda9432aa3c6495afa0c45b1e475ba0a15716e1e80df0dcab5b5204c945382c4ba328e6faa8279',16,2,NULL,'[]',0,'2021-04-28 21:18:47','2021-04-28 21:18:47','2022-04-28 17:18:47'),('bfb15b3c31adedf7cb568ff825d2a35daf526eca77fca59dd3ecba7e53db4f754796730a8e19b19b',16,2,NULL,'[\"estudiante\"]',0,'2021-08-09 23:59:02','2021-08-09 23:59:02','2021-08-09 19:59:17'),('bff1cc9b59a1e7e77c26edae3bb8caa279f3c9a4da98d0214b10ab6939f0d86cf49571b883cf2815',16,2,NULL,'[]',0,'2021-04-27 16:42:06','2021-04-27 16:42:06','2022-04-27 12:42:06'),('bffdfe027db4e78cb8d2e0be4242ec897f7a33f88054ba99e089f5d01b62ee61f7df0b72f3cf2ba2',16,2,NULL,'[]',0,'2021-05-18 15:47:57','2021-05-18 15:47:57','2022-05-18 11:47:57'),('c0a7535275132e149a816f49357d4b3747616db18cadcce69dfb8da5af0e9484dfc9b0f30873c205',16,2,NULL,'[]',0,'2021-04-29 14:10:13','2021-04-29 14:10:13','2022-04-29 10:10:13'),('c0b405f5f7baa910864a25a11914b56825c64ebe791c35ba89a7863065d40a7784e73cfe6c6d01a4',16,2,NULL,'[\"estudiante\"]',0,'2021-08-17 16:24:42','2021-08-17 16:24:42','2021-08-17 12:24:57'),('c17d6b7374c8040ccf61e441940edd2d74271e3312763c46a99765dc68ba944e47c73b2f34273c36',21,2,NULL,'[]',0,'2021-07-04 04:50:10','2021-07-04 04:50:10','2022-07-04 00:50:10'),('c1f704cc6dd5b57f72675b8b7bbe4d2a1b231f2290fc810fa5158365093ab4d9d5ec9760c8321022',16,2,NULL,'[]',0,'2021-05-18 14:46:03','2021-05-18 14:46:03','2022-05-18 10:46:03'),('c39ae0602fa3180192d74be3c7868d66da22bcb78282241ed0fe5535efcbcee45e0e9914b432931b',16,2,NULL,'[]',0,'2021-04-28 21:43:43','2021-04-28 21:43:43','2022-04-28 17:43:43'),('c4d4b03e718e4787679b24d8a4f8d14b8dfa06418098ff8d12bf35227043f8c510d6b54970197089',16,2,NULL,'[]',0,'2021-05-18 14:41:02','2021-05-18 14:41:02','2022-05-18 10:41:02'),('c5752ed7f3f6841f4a9b2bc42edf46bd5485449425c5ff671c977bc8f8c9d41e25f0dcb4ec35f252',21,2,NULL,'[]',0,'2021-04-27 19:17:31','2021-04-27 19:17:31','2022-04-27 15:17:31'),('c827dc7fffce2c5e551e70f28e6d55955346c62b85a46806ab06cf90babc725ffc759a97c2abc3fc',16,2,NULL,'[]',0,'2021-03-29 01:05:28','2021-03-29 01:05:28','2022-03-28 21:05:28'),('cab68b5e47bbea37623cba6ffca405b4361c7b9ba9837935e91c4acbab7036c4913ca02ef400101e',21,2,NULL,'[\"estudiante\"]',0,'2021-08-10 15:35:13','2021-08-10 15:35:13','2021-08-10 11:35:28'),('cb1ea60f2aa0b1321ab58e3f7f9f908af8fe3506f8417be4e2169d6dc7a2609801ef480272b9f3fe',21,2,NULL,'[\"estudiante\"]',0,'2022-03-07 16:40:51','2022-03-07 16:40:51','2022-03-07 12:41:06'),('cc365457bd8638a8a80277029b4594c8740de9759f043839695d6a2f54e6da1eee99dd00b02d8f2e',16,2,NULL,'[\"estudiante\"]',0,'2021-07-29 17:56:51','2021-07-29 17:56:51','2021-07-29 13:57:06'),('cdc97a225d40194b9601b7bec435aae7590a82c49c4b5a973624696c078ebd35db8851f2eb06a27f',21,2,NULL,'[\"estudiante\"]',0,'2022-03-07 16:46:31','2022-03-07 16:46:31','2022-03-07 12:46:46'),('cdf8a0645c9d7006d77b9a52ddd9d908e0210745846698b1679bbdec5213ad662e10a74d2218c26c',21,2,NULL,'[]',0,'2021-07-29 14:33:19','2021-07-29 14:33:19','2022-07-29 10:33:19'),('cecf49ead28a37909cd5f5ea71d5e8ee00c269b88228c50df664d29136b1c4b324e6dcb9bad11d31',16,2,NULL,'[]',0,'2021-07-29 14:57:00','2021-07-29 14:57:00','2021-07-29 10:57:15'),('d1d68859c6fcaeeab38e001e1633b5893d72e8921a733c1d01359322f119aaccc77f38e5bade1dd7',16,2,NULL,'[\"estudiante\"]',0,'2021-08-13 03:59:31','2021-08-13 03:59:31','2021-08-12 23:59:46'),('d23c2c83d16a84562201d906c33e4574ead190b66c9c7b1bcb6c5a5cbfebb5caba536ae40ffbd5ce',16,2,NULL,'[]',0,'2021-04-27 16:54:30','2021-04-27 16:54:30','2022-04-27 12:54:30'),('d743db86dd8ac3c0688a96a2513aa5323f9d2ac6e0914256886477854bea49a4b01fd013b8abd18f',21,2,NULL,'[]',0,'2021-07-04 04:26:59','2021-07-04 04:26:59','2022-07-04 00:26:59'),('d7531599221f623eed885462e19af55e21559d55ca81fee9ccc5bc0733f5091e456969c6b0928df5',16,2,NULL,'[]',0,'2021-05-18 14:23:17','2021-05-18 14:23:17','2022-05-18 10:23:17'),('d8058b0ec09bdb51a26468684b0c8d9eff4f22ebe1079c37f102c17f3fa315a579e9d41e9992ac85',16,2,NULL,'[]',0,'2021-04-27 16:47:06','2021-04-27 16:47:06','2022-04-27 12:47:06'),('d84794a34d94351f496225a859229726ffabc148c4fd86e996e18158f737c9e4200741b35b35cf94',21,2,NULL,'[\"estudiante\"]',0,'2021-08-17 17:46:33','2021-08-17 17:46:33','2021-08-17 13:46:48'),('d89a593c8d16ea72907a0cde5ef52f6ea270568dfe3a76dbd60e24a8dfe08162dd699be3a0181107',16,2,NULL,'[]',0,'2021-04-27 16:38:01','2021-04-27 16:38:01','2022-04-27 12:38:01'),('d8da268032c507b11c0aef556a6b0cec4aa458f7e1ba8d214512d3a0f072c8044399ffdfef35583b',16,2,NULL,'[]',0,'2021-07-16 04:05:03','2021-07-16 04:05:03','2022-07-16 00:05:03'),('d979c09edc208851d711b54164dbf83a9a315885ce9a52830ceb3daa2e2949d73f765bc4f23fbf5d',16,2,NULL,'[]',0,'2021-04-27 16:52:43','2021-04-27 16:52:43','2022-04-27 12:52:43'),('d987454d5fe1541d6e1ad8d09992532ab18c9b066e388041f7aa2b9b745a62c461dd4dc2f7dfe937',16,2,NULL,'[]',0,'2021-06-18 01:03:38','2021-06-18 01:03:38','2022-06-17 21:03:38'),('da9ea62f090a3a0621d351f35446c4c34b6dd64c917bbe50f3edee5c863498825ec60407bbad19ab',16,2,NULL,'[]',0,'2021-05-20 02:02:17','2021-05-20 02:02:17','2022-05-19 22:02:17'),('dc40bab565bbb252f4ed98afeca8a1226f5281286048ddcc1401bcd804f52a938013ed155f365903',16,2,NULL,'[]',0,'2021-05-18 14:34:06','2021-05-18 14:34:06','2022-05-18 10:34:06'),('dd97b3d964b15b53600bb692f8fd22c50df67737a880a58b1d04ec1701cf95a0e2969a22e197f3ba',21,2,NULL,'[\"estudiante\"]',0,'2022-03-07 16:20:23','2022-03-07 16:20:23','2022-03-07 12:20:38'),('ddce39df0ed0a8b33dc36f33e02029fcc4967159829a1d7cd4a9bc4ec714409cbe40ad3fbc804df3',16,2,NULL,'[]',0,'2021-04-27 19:25:29','2021-04-27 19:25:29','2022-04-27 15:25:29'),('defd8df9041f24e7fadfa2fa9fb0fa8ecf3f8c42906b1831835c7c7884365c1ebee37a613c04336a',16,2,NULL,'[]',0,'2021-03-23 17:10:53','2021-03-23 17:10:53','2022-03-23 13:10:53'),('df31348b3606dc67253b433b0e37aa3a25c75ea24440ebf4d2580aab6491089231aeeea3054f9eb1',16,2,NULL,'[\"estudiante\"]',0,'2022-01-31 20:08:13','2022-01-31 20:08:13','2022-01-31 16:08:28'),('e508ce32e63bee9d932d696051f60b866727fac7ccf58a4be4400d3e7d0f64504cb7bfeb4c5218f3',21,2,NULL,'[\"estudiante\"]',0,'2022-03-09 11:24:48','2022-03-09 11:24:48','2022-03-09 07:25:03'),('e69e0662a81a57ca600567d888eeed59ea9435d00c4ab313eef2360a99a969c4669e9591ce978683',21,2,NULL,'[\"estudiante\"]',0,'2021-08-17 17:44:07','2021-08-17 17:44:07','2021-08-17 13:44:22'),('e795e086fb8668b491b37ff625c2ba0a2cce454d3117c2a37f20a5dcf02999f143d8535fcaa81bce',16,2,NULL,'[]',0,'2021-07-04 04:47:09','2021-07-04 04:47:09','2022-07-04 00:47:09'),('e7fb8756d214ad1f4a86fbde4565441377cdcbee4a9e166fd4a382a7842293bb1f27f27fac862f1e',21,2,NULL,'[\"estudiante\"]',0,'2022-03-07 16:47:29','2022-03-07 16:47:29','2022-03-07 12:47:44'),('e993e36e740ea3c9ba1f705978a9eaedcbaad846b56883055b6f49cbd05aca01b6ccd01b46396b16',16,2,NULL,'[]',0,'2021-04-27 19:26:48','2021-04-27 19:26:48','2022-04-27 15:26:48'),('e9f6b6fcf74d5bbfddb4ad2e296d0c43d59f3f1d3645bc4dd008cdc0f23afc2e75c1ec1cc2c993b3',16,2,NULL,'[]',0,'2021-04-27 13:48:52','2021-04-27 13:48:52','2022-04-27 09:48:52'),('f12d95a9bcec36699b6bfef86f26f1630469812fb7d232ae10b0c05da86b5fe7003f7d76cf27cf96',21,2,NULL,'[\"estudiante\"]',0,'2022-03-07 16:20:59','2022-03-07 16:20:59','2022-03-07 12:21:14'),('f13d98cb678b2fdb6e37b116525dc823f59634866d5e45b8e6544b890f8cb49d8e92d9440cfbc7ee',21,2,NULL,'[\"estudiante\"]',0,'2022-03-09 11:27:50','2022-03-09 11:27:50','2022-03-09 07:28:05'),('f295defcd64e6aba4df3fecae575035033eeacc6408cff735ced9f5a443ca804624969183a81354b',21,2,NULL,'[]',0,'2021-07-04 04:08:43','2021-07-04 04:08:43','2022-07-04 00:08:43'),('f330159100d54525c6b5e00993cbadf621b2176a71b49b7ef190c1deebf6ec46f9508ec6090cdd3d',16,2,NULL,'[\"estudiante\"]',0,'2021-08-12 13:40:53','2021-08-12 13:40:53','2021-08-12 09:41:08'),('f4aebde31dd0145b4ea936035f1bda57eab3e32ca167dc2c0264803975294242508c2092a466e02b',16,2,NULL,'[\"estudiante\"]',0,'2021-09-18 18:55:52','2021-09-18 18:55:52','2021-09-18 14:56:07'),('f5069e83b21c3e2a5419c2d944d0f1ac6743ec9c9fcbd16a4206fc39bb09b47547a70ed9f8c62b6c',16,2,NULL,'[]',0,'2021-03-29 20:54:51','2021-03-29 20:54:51','2022-03-29 16:54:51'),('f5e7dc67b6c3f1dae2f3f3ea9c21a8feb65d8e3c40d91fc8987440ffdfcda59e57291b209e9149de',21,2,NULL,'[\"estudiante\"]',0,'2021-08-10 16:26:11','2021-08-10 16:26:11','2021-08-10 12:26:26'),('f60c38477ada43d6a4e3f840f1faf5e64780fc19495c5ee170aa857e82ff56d61bd09adda17063fb',16,2,NULL,'[\"estudiante\"]',0,'2021-09-18 04:45:46','2021-09-18 04:45:46','2021-09-18 00:46:01'),('f7d6c79412e693c52aac77cafd1eabd00e1fd853eaff6cddc47b89123244baf1588b47630da30743',16,2,NULL,'[]',0,'2021-05-27 16:05:38','2021-05-27 16:05:38','2022-05-27 12:05:38'),('f84bc0f3a207ca194bbb1ed3737ecc638bb186c8c14e1ebe095a595b00c0f9ef111f39cdb695f5e6',21,2,NULL,'[\"estudiante\"]',0,'2021-08-09 22:42:41','2021-08-09 22:42:41','2021-08-09 18:42:56'),('f8db1dd3bfb16abfec74b3456d86fe33e8b027005863dea137205b155b8533ffde2bb028da28ad06',21,2,NULL,'[\"estudiante\"]',0,'2022-03-09 11:03:41','2022-03-09 11:03:41','2022-03-09 07:03:56'),('f8db8e5dda71816665427f7311c72cf3bd4ba38a0e547d75870ff9fa6ea7b409d37dbe930966272f',21,2,NULL,'[]',0,'2021-07-16 01:22:36','2021-07-16 01:22:36','2022-07-15 21:22:36'),('f8f8d5bde0a17f899fd02334c9bf9692736e9be564c8017c799e666cd81ce34df441d0532882355f',21,2,NULL,'[\"estudiante\"]',0,'2021-08-10 15:36:16','2021-08-10 15:36:16','2021-08-10 11:36:31'),('f93e41f67875d795718afb7dc39c9981f8a95ca0d4d8aef7e04244681eb2b6d004d83156920446c7',15,1,'MyApp','[]',0,'2021-03-03 22:27:00','2021-03-03 22:27:00','2022-03-03 18:27:00'),('f9907db6034f97e0c9b1aac4a752647f264b713d5b360a697a11397162e279d8d95ec7f1c869063b',21,2,NULL,'[\"estudiante\"]',0,'2021-08-09 22:35:44','2021-08-09 22:35:44','2021-08-09 18:35:59'),('fafb4b949d092a6b24a1d1c39a2976ecbff2b70d0546efe809ce6f862caf8d130da274185e370df2',16,2,NULL,'[]',0,'2021-05-18 14:21:00','2021-05-18 14:21:00','2022-05-18 10:21:00'),('fb544f78cfcd9ce785aaa65ec17f7654a2ccea4c34b8ce43854780c7e527489cf34a99028c15efc0',16,2,NULL,'[]',0,'2021-04-29 20:18:22','2021-04-29 20:18:22','2022-04-29 16:18:22'),('fc274ca630adb7e420ce2344eb1c4951b2fe71cf0c8c6328d8ce2586bed4f552c7447e857ae68015',16,2,NULL,'[\"estudiante\"]',0,'2021-08-10 14:57:38','2021-08-10 14:57:38','2021-08-10 10:57:53'),('fd52884ef013c71f64c09a343d808e8ec2ede48a9b6be799f744f7e6ff6ab5ffdd027ebab2d0e5f7',16,2,NULL,'[]',0,'2021-07-16 03:06:32','2021-07-16 03:06:32','2022-07-15 23:06:32'),('fdc64d389123bca064b659340fa91ff2dffada870eaa374c9fb9cb970e1d80c0c3bb3aa9dbbcb6a8',16,2,NULL,'[]',0,'2021-07-29 16:15:26','2021-07-29 16:15:26','2021-07-29 12:15:41'),('fe09fee6cca4298e13bb0482f03855325c3f7c09ac7373505a3bf9f7a0d61c7f65d93109a5e80356',16,2,NULL,'[\"estudiante\"]',0,'2021-08-10 16:39:55','2021-08-10 16:39:55','2021-08-10 12:40:10');
/*!40000 ALTER TABLE `oauth_access_tokens` ENABLE KEYS */;
UNLOCK TABLES;

--
-- Table structure for table `oauth_auth_codes`
--

DROP TABLE IF EXISTS `oauth_auth_codes`;
/*!40101 SET @saved_cs_client     = @@character_set_client */;
/*!50503 SET character_set_client = utf8mb4 */;
CREATE TABLE `oauth_auth_codes` (
  `id` varchar(100) CHARACTER SET utf8mb4 COLLATE utf8mb4_unicode_ci NOT NULL,
  `user_id` bigint unsigned NOT NULL,
  `client_id` bigint unsigned NOT NULL,
  `scopes` text CHARACTER SET utf8mb4 COLLATE utf8mb4_unicode_ci,
  `revoked` tinyint(1) NOT NULL,
  `expires_at` datetime DEFAULT NULL,
  PRIMARY KEY (`id`),
  KEY `oauth_auth_codes_user_id_index` (`user_id`)
) ENGINE=InnoDB DEFAULT CHARSET=utf8mb4 COLLATE=utf8mb4_unicode_ci;
/*!40101 SET character_set_client = @saved_cs_client */;

--
-- Dumping data for table `oauth_auth_codes`
--

LOCK TABLES `oauth_auth_codes` WRITE;
/*!40000 ALTER TABLE `oauth_auth_codes` DISABLE KEYS */;
/*!40000 ALTER TABLE `oauth_auth_codes` ENABLE KEYS */;
UNLOCK TABLES;

--
-- Table structure for table `oauth_clients`
--

DROP TABLE IF EXISTS `oauth_clients`;
/*!40101 SET @saved_cs_client     = @@character_set_client */;
/*!50503 SET character_set_client = utf8mb4 */;
CREATE TABLE `oauth_clients` (
  `id` bigint unsigned NOT NULL AUTO_INCREMENT,
  `user_id` bigint unsigned DEFAULT NULL,
  `name` varchar(255) CHARACTER SET utf8mb4 COLLATE utf8mb4_unicode_ci NOT NULL,
  `secret` varchar(100) CHARACTER SET utf8mb4 COLLATE utf8mb4_unicode_ci DEFAULT NULL,
  `provider` varchar(255) CHARACTER SET utf8mb4 COLLATE utf8mb4_unicode_ci DEFAULT NULL,
  `redirect` text CHARACTER SET utf8mb4 COLLATE utf8mb4_unicode_ci NOT NULL,
  `personal_access_client` tinyint(1) NOT NULL,
  `password_client` tinyint(1) NOT NULL,
  `revoked` tinyint(1) NOT NULL,
  `created_at` timestamp NULL DEFAULT NULL,
  `updated_at` timestamp NULL DEFAULT NULL,
  PRIMARY KEY (`id`),
  KEY `oauth_clients_user_id_index` (`user_id`)
) ENGINE=InnoDB AUTO_INCREMENT=13 DEFAULT CHARSET=utf8mb4 COLLATE=utf8mb4_unicode_ci;
/*!40101 SET character_set_client = @saved_cs_client */;

--
-- Dumping data for table `oauth_clients`
--

LOCK TABLES `oauth_clients` WRITE;
/*!40000 ALTER TABLE `oauth_clients` DISABLE KEYS */;
INSERT INTO `oauth_clients` VALUES (1,NULL,'Laravel Personal Access Client','htXUeLHobvC2Nwgjlan80kHlwYcZCT14niN0IpnY',NULL,'http://localhost',1,0,0,'2021-03-03 22:21:48','2021-03-03 22:21:48'),(2,NULL,'Laravel Password Grant Client','ja9rUm6LNvTF4HWUdAsjmPQWvDuKQgk6TMv6V5Tt','users','http://localhost',0,1,0,'2021-03-03 22:21:48','2021-03-03 22:21:48'),(4,NULL,'Laravel Personal Access Client','lR8ybLH1nhtUG6sDfMmNo8nKja04vFmZdi7ZumLh',NULL,'http://localhost',1,0,0,'2021-05-18 14:10:30','2021-05-18 14:10:30'),(5,NULL,'Laravel Password Grant Client','KBH8U5KTeeTKCf8eexo62DGS9a4q9jSyZreQmIuq','users','http://localhost',0,1,0,'2021-05-18 14:10:30','2021-05-18 14:10:30'),(6,NULL,'Laravel Password Grant Client','MlVUjUcCJePspRQ59dov56y5q5fWS7FepqR2o5j6','users','http://localhost',0,1,0,'2021-05-18 14:16:11','2021-05-18 14:16:11'),(7,16,'webadmin','WCmPtwTLVk9jY4QfIXd2Q9i93MjMVOvhh0OO4LvF',NULL,'http://localhost:3000',0,0,0,'2021-07-29 15:04:31','2021-07-29 15:04:31'),(8,NULL,'Laravel Personal Access Client','bOCVhFe7R9tZEQoHL1cFRjVGTUADH7ngKdnJjdtP',NULL,'http://localhost',1,0,0,'2022-01-30 04:22:18','2022-01-30 04:22:18'),(9,NULL,'Laravel Password Grant Client','FvGLRoDaRkY9JeGZHQUjJOBHJhW7HSOlernxMeXd','users','http://localhost',0,1,0,'2022-01-30 04:22:18','2022-01-30 04:22:18'),(10,NULL,'admin','wXWkFF62jf6i4ObPcRU9EpweBWqoOhXZW19Yf1zm','users','http://localhost',0,1,0,'2022-03-07 15:10:20','2022-03-07 15:10:20'),(11,NULL,'Laravel Personal Access Client','P0rv6AvU7Mf2NxPRj9zYi93fkzcnWUqowIOq16jF',NULL,'http://localhost',1,0,0,'2022-03-07 15:35:45','2022-03-07 15:35:45'),(12,NULL,'Laravel Password Grant Client','Eux5AQwm6Tq7XNzq8XD1pDFrKHKF5tbVvgaXNVtd','users','http://localhost',0,1,0,'2022-03-07 15:35:46','2022-03-07 15:35:46');
/*!40000 ALTER TABLE `oauth_clients` ENABLE KEYS */;
UNLOCK TABLES;

--
-- Table structure for table `oauth_personal_access_clients`
--

DROP TABLE IF EXISTS `oauth_personal_access_clients`;
/*!40101 SET @saved_cs_client     = @@character_set_client */;
/*!50503 SET character_set_client = utf8mb4 */;
CREATE TABLE `oauth_personal_access_clients` (
  `id` bigint unsigned NOT NULL AUTO_INCREMENT,
  `client_id` bigint unsigned NOT NULL,
  `created_at` timestamp NULL DEFAULT NULL,
  `updated_at` timestamp NULL DEFAULT NULL,
  PRIMARY KEY (`id`)
) ENGINE=InnoDB AUTO_INCREMENT=6 DEFAULT CHARSET=utf8mb4 COLLATE=utf8mb4_unicode_ci;
/*!40101 SET character_set_client = @saved_cs_client */;

--
-- Dumping data for table `oauth_personal_access_clients`
--

LOCK TABLES `oauth_personal_access_clients` WRITE;
/*!40000 ALTER TABLE `oauth_personal_access_clients` DISABLE KEYS */;
INSERT INTO `oauth_personal_access_clients` VALUES (1,1,'2021-03-03 22:21:48','2021-03-03 22:21:48'),(2,3,'2021-03-03 23:27:44','2021-03-03 23:27:44'),(3,4,'2021-05-18 14:10:30','2021-05-18 14:10:30'),(4,8,'2022-01-30 04:22:18','2022-01-30 04:22:18'),(5,11,'2022-03-07 15:35:45','2022-03-07 15:35:45');
/*!40000 ALTER TABLE `oauth_personal_access_clients` ENABLE KEYS */;
UNLOCK TABLES;

--
-- Table structure for table `oauth_refresh_tokens`
--

DROP TABLE IF EXISTS `oauth_refresh_tokens`;
/*!40101 SET @saved_cs_client     = @@character_set_client */;
/*!50503 SET character_set_client = utf8mb4 */;
CREATE TABLE `oauth_refresh_tokens` (
  `id` varchar(100) CHARACTER SET utf8mb4 COLLATE utf8mb4_unicode_ci NOT NULL,
  `access_token_id` varchar(100) CHARACTER SET utf8mb4 COLLATE utf8mb4_unicode_ci NOT NULL,
  `revoked` tinyint(1) NOT NULL,
  `expires_at` datetime DEFAULT NULL,
  PRIMARY KEY (`id`),
  KEY `oauth_refresh_tokens_access_token_id_index` (`access_token_id`)
) ENGINE=InnoDB DEFAULT CHARSET=utf8mb4 COLLATE=utf8mb4_unicode_ci;
/*!40101 SET character_set_client = @saved_cs_client */;

--
-- Dumping data for table `oauth_refresh_tokens`
--

LOCK TABLES `oauth_refresh_tokens` WRITE;
/*!40000 ALTER TABLE `oauth_refresh_tokens` DISABLE KEYS */;
INSERT INTO `oauth_refresh_tokens` VALUES ('0050971056f1cff00cf261d3f537265c9c4fc43fa697e61584afee46ff04d252f7882cd92cc2b960','8c91f9e1bf1e2d253a4f0bf34b63801406099848603c63e7d65f501ab1f3fabc166809e0ff525449',0,'2021-06-17 10:25:12'),('013b1f74d58a045f454098e2d17f4ca32a0fef05cb6fa1907632390ff6e25fe36d67fdd408855cb2','9173314da1980bfa80baf5dbb0f539c5ac644d6c3a26037cb874f511c9eb99ace7c4c0ad5e83594f',0,'2021-06-04 01:31:49'),('01670391d522440625e9878e43301be7db6c3bf7942c8f484975896a277d3e9438366b3622c2fd99','357fcc901b864cea738f39b38f0feb21b292d927d071af4c2a17d66dbf087b3567323d2b004374d3',0,'2022-03-07 12:02:40'),('025355aab82d935dcf9d74dd829ac2d98346cb20b3690dd17e0292e1a728c454ed72c1402df36a7b','338d2a673b95fa04113a614fc815260900dd29d19e0558ebec58974597fe9cc31e90f8a633bae8b0',0,'2022-01-31 17:08:53'),('03c15f755f55171461f3474c7cc21cd5687bf975767fb9ebf9b44ce986713a73b20159a59814d5c7','018ab0c05eee8e0d0c6adc296c13c810ef898afd85a3800b7858dead80a663776202ad3e9027e46d',0,'2021-08-09 22:12:40'),('04e61cd6641a3d8b5c9cc96f4b595979503c3a772f4c85792fe4cfbb7251b6d40ca291de42b985ab','cdc97a225d40194b9601b7bec435aae7590a82c49c4b5a973624696c078ebd35db8851f2eb06a27f',0,'2022-03-07 12:47:01'),('0599ae30d96fb27b1fbbbd058143590ffe78dcc7a62139cec886e93a64964ee07ece8c166a0075a0','f13d98cb678b2fdb6e37b116525dc823f59634866d5e45b8e6544b890f8cb49d8e92d9440cfbc7ee',0,'2022-03-09 07:28:20'),('07b527e3f3a9bba1c33332a25971d615539c5c3c5161de7561cd9d1f42c265fef24554fa90a19344','187df4397dd2d7eed5bb6959df656ee88cbf54a870235e04faa2659f8fa8c08a46b2a86a12d4c79f',0,'2022-03-09 07:13:21'),('08adb29e86adff02bb56913c3286d7b06377b1e671aa51dcd870a109d3189adf113795787e39e102','5f7b4326f6d29e9afa3d13f26ebc01a912aa8746cb14a1ea3abc8edc4234ce363ab688827725c98b',0,'2021-08-12 21:06:29'),('08d4536d84cecd9060d5b0687b1bfdc1d92142b68cd49d01946655e13bd8a5cd37b8d6152eb489db','d979c09edc208851d711b54164dbf83a9a315885ce9a52830ceb3daa2e2949d73f765bc4f23fbf5d',0,'2021-05-27 12:52:43'),('08ea85bc3db932052f69a2f3031ba074a16c7c3663fde14a0c6a4172cdec80e86869e88a2b7ba5d1','f4aebde31dd0145b4ea936035f1bda57eab3e32ca167dc2c0264803975294242508c2092a466e02b',0,'2021-09-18 14:56:22'),('0914751e7f8255acaaa789d6d0f6582e11568bb812999a71405f9ace176e1571ebedfcbfdce38c83','766a927f3dc57fb1b5f582cf3b10ed6cf7689e1c70dcc078b0905a6b554cf2c246697cf12aa5ee09',0,'2021-04-27 18:39:47'),('0a0cb737206608e5c313d1ca10aeec1cc64f61a7fc72c6768c9baebe944842d5c8c3c3616e322829','62c2c23daa84a117ee38b61411edc25e034cee8623c81e5aa80e966e0b271f01de984d5fe57a83a0',0,'2021-05-27 16:11:02'),('0bd83a919d2b26b05fd74bae2b380f6b5288357c88807a394dca4123b3d2d0d9b7cc3cc1058663a8','54efba08dde36fd0c04335dc2f2932fed410c5e50fd44a57f668d7442277496534996c0d9c2e49e3',0,'2021-08-10 11:33:50'),('0be95914e05693a621ed7636c6e8686d0e4157cd927b0c5bb07ba30e1bc7f07706fce4a322062ef0','9aff67b0576ef54de9d94ef9547e6e894d210041e6401dff49d3fba646d2fcbbd02153cdc3ec8ab4',0,'2021-05-27 07:49:08'),('0c4d84828c1426d47df1d0917d9915b32510a51a3c3636abcdb964d006415ca88f9aaa0a3284f0c7','f8db1dd3bfb16abfec74b3456d86fe33e8b027005863dea137205b155b8533ffde2bb028da28ad06',0,'2022-03-09 07:04:11'),('0d2d2b3606722eb719ad5666d3317a8a940972dba8ec99b7526c3cc2e080cb3f446a6f2f2e4b91d0','7fa46e334147c8764fd92f17e524d87414f56bec05a50e77c399cc9efe4d501f155d66e70e2de9c6',0,'2021-07-07 11:10:03'),('0e6a8177fabb00e92e8547cc6a2ad6b058643c79502241659c8584695fcbd7f2479c06e8dea75d2e','cab68b5e47bbea37623cba6ffca405b4361c7b9ba9837935e91c4acbab7036c4913ca02ef400101e',0,'2021-08-10 11:35:43'),('10b69fb70e25ed95c93c833f9e41e7f76d444c70c69dd529a0074f249b23168c943f7be1a42e3190','c0b405f5f7baa910864a25a11914b56825c64ebe791c35ba89a7863065d40a7784e73cfe6c6d01a4',0,'2021-08-17 12:25:12'),('1138275bc2292a6147443e77d0a561deb8cf5c060028d646cb03fd484af8e0474f61565903ebe239','815d6f2324a9324a0b53a1721cb97707a5336066320a521105da7cf7d7f9ce2467db65f0ef641b34',0,'2021-07-29 12:16:24'),('116defefcdc46563de617cac3f637d92fb7bb7e2b32eba94fece01b94bd1eed5d6cf8c9f448bee39','fdc64d389123bca064b659340fa91ff2dffada870eaa374c9fb9cb970e1d80c0c3bb3aa9dbbcb6a8',0,'2021-07-29 12:15:56'),('132ced15f8252151ac9583ef437bfdcf4472becdb6111cccf8c37fb004af77b2aa6f98e96526cb16','bffdfe027db4e78cb8d2e0be4242ec897f7a33f88054ba99e089f5d01b62ee61f7df0b72f3cf2ba2',0,'2021-06-17 11:47:57'),('1398c19603a9ae303ebff75578c2e781a996b6eb961a46ec098a9fbf2a90b9d5fcd0e02ff372b1b7','df31348b3606dc67253b433b0e37aa3a25c75ea24440ebf4d2580aab6491089231aeeea3054f9eb1',0,'2022-01-31 16:08:43'),('13f76d363876e3fac31798fc01d3815ac43d18cad084d2c024230d05b2e61ecbce198b8d35315ef5','191845668776680387db7e0a39670c9845ecf9c09efb414a0f480c2df0b51b426fb7e3019aef4edd',0,'2021-05-27 15:50:44'),('1617d18deec8450dd3af5d18fd996d15bc9ff991ddfb8f5f0b7a0d11bc27c549b6254336e6a6fed4','3a13308886808eea63a01a7d74f22fcbaea9521fd142d1cbd1eb715a00da14d8c10800d3000eb331',0,'2022-03-07 10:46:11'),('1660ef34de559cda7de07039214a7a77001e0d4a0c336f28437c1d1d26b9f71a5655abdc55e1b144','c5752ed7f3f6841f4a9b2bc42edf46bd5485449425c5ff671c977bc8f8c9d41e25f0dcb4ec35f252',0,'2021-05-27 15:17:31'),('17c192b785e5c7e9a5a9f79ee9e6d28f4be255c3e6b6eaf50096936510c9b11cd7f51a271ef4d8c1','b19c0e287df273e547886b153fb16df555ec62dcfd84d0addfb1f3b7f225a0c89054cf62138c6605',0,'2022-03-07 12:38:59'),('1a3e5038ac3dfe5634b3cf8ce187f965f9d2480d3722006abd2133250d758b6e05397e60c4a1917a','3e8f19eb26e473bbc4859ec90987b34c8e1eac9c1e212fdd3dc9ae9f6c6f5a0dcd5e121e9b660d44',0,'2022-03-09 07:23:48'),('1c02d4ed14bc4c4f4ea4b79d686c2499f99c45982a327722c59f3eaa23d1a77d56372c890d085e55','9232cc3e02874f1425978ce0f1adbf0d6bc601e7cdfe995ec51f09f778896c02024c8b68c40ab7ce',0,'2021-05-21 15:11:21'),('1d8f7444ce561c34fa2a1409b8221c8638a8a325e19f383e918746523831a0013d994f09109540f1','30bd4dd791f6f1b02317ecf423a5a4ec88aceaae129964e5003da377d0a712408b3e2ae9579075d1',0,'2021-08-09 19:52:36'),('1da2f51dbaa20024e8afa74db73b02148ac3002a6a1b8db876621988dc7e2cb9d2ffc5f6348b999c','c0a7535275132e149a816f49357d4b3747616db18cadcce69dfb8da5af0e9484dfc9b0f30873c205',0,'2021-05-29 10:10:13'),('1e81a2b71b16e0e47d4bc31c6f879622156c818d018a56f634b8dd61df85bc18bc52f4bb085e4751','c39ae0602fa3180192d74be3c7868d66da22bcb78282241ed0fe5535efcbcee45e0e9914b432931b',0,'2021-05-28 17:43:43'),('1fc6d7fff4bee061a23c1bf42abeac390f4a0983acdf9f664f2ba2cc3646f1326aba1dd20e30a88e','fc274ca630adb7e420ce2344eb1c4951b2fe71cf0c8c6328d8ce2586bed4f552c7447e857ae68015',0,'2021-08-10 10:58:08'),('1ff20fc8e3a362bebfd52fe305bd65568a2789d73a671c7f2cf97a684cc332cd236b1243d6b90124','3fd4b3f96ce32077f420348d93f71712bf4d4ddc31ab3ddbc12c2bc8ce1d87aedaa7a1517838ad8f',0,'2021-05-28 17:36:09'),('20bdb0d197cd88021f1bf1c5f5d5081be8576482cc356140b0d2877eb494abe2eb0e1ce094d69896','b7ed2c8569912851c811bc3a2807ad6f78d0280253347abfb71a848c7845ce6e6e1f158d51aef3de',0,'2021-04-02 20:24:32'),('2191eb429cbccf11f641bbf3e51955bee740b982431bfccc3f6eb6d7900a48ab574390bd0fa9e899','d987454d5fe1541d6e1ad8d09992532ab18c9b066e388041f7aa2b9b745a62c461dd4dc2f7dfe937',0,'2021-07-17 21:03:38'),('22b7ff64a8eb6dbbfed4c66f9826bfbfaa1a3ebf591f98c0635a76b8f068bff9aaf8ebf319fbd5a8','89941b3e90a8d38926c017b5b379129373c3212911d95e88ebd618edcdee5bd336682c6adf0bf3b6',0,'2021-05-27 12:45:23'),('23558951b74b7b9d7f6137f82405c63185c4ad66c4b95b368092d7656abd04dcc65b5b4a77d5f0ff','58eeeb4f5cf6d300247e223de4c39c7d4c0051600d67e051f89369159afe9cda2c0027fbbb2355c6',0,'2021-05-27 12:43:55'),('24427be3b5f4641838cc1642e38d240956f2b7d339d3725ab3eaa59bb62b3d1f97f71f3b3b2dc8ce','03afbd47f79162f6d11f6ae37ff37b285b20633fe888cbeb0183ac679b0135bddf0e5d7165a30872',0,'2022-03-09 06:58:26'),('25e7d3fa0d2920307550d91bb4f7992ee6542e0c6ab1fbf323e09bcd7f20f7cde6b31f8f8200c302','4f0a4735ae654320fcdc3440050e7e298e9d21d76a7a1230de5ff8f11085aad4cf9543c5454b499c',0,'2021-04-02 19:54:42'),('262b2476bcb80c8f750fb425e9d52cb71c34e02daee1a047967b37e9a308bcd72ca773424789fa13','40ae3220851886bd21d3c5a44a5c708ef1d646129aba05c1dafbef37cde5bd049ac5e45c321e7a68',0,'2022-03-07 12:19:52'),('265f09121cb9d1f69b944237e29dda0ceb2b977fee43ef866d089cfc16bd3e667a6aeeb7fd538c0e','25a67a48368fbd1a9ab66f9af122080ffb250341c0b29e819f9a48c4e0c566f7e1c8d8a2828a2983',0,'2021-06-18 00:19:06'),('26b8076692bdc1a8c996c24413b77d6ca42240a49487527b59122b27116984dc2a767daed64842d6','96bd9b6bb18518a55b32a494448033e26cc4cfb212668f638a58b6a420763619f2eca2d98c481264',0,'2022-03-09 07:17:01'),('273dfe36addf9c9314dc0424580bd1a07983fca32a5c2e53d174b53a91fc9d4a448cf3a3f4222da6','a813ebcaafa782357f8b832f895dd11c2ea63607f39d4a6c66a42f0e41a6a286c161f162223132b1',0,'2021-06-17 10:26:27'),('2922a131a6dc27b5741ab8d452c308885e6b0f67c49d98c1c2c570c71d673f8c4b2b4662df8058f0','f5e7dc67b6c3f1dae2f3f3ea9c21a8feb65d8e3c40d91fc8987440ffdfcda59e57291b209e9149de',0,'2021-08-10 12:26:41'),('297e57f03f799f306351744475049fb956474573dc7db95e3aea5ef41657ef0bad40b5b12250c72a','25306945b85baa678cb54e212a915b5ab28482fa88146d287db9472a8519a57cedc34cfceedc6b0b',0,'2022-03-10 07:10:43'),('299d82e8b05fa50d4cad3916f458b0f5bd150c15006d585332e4fd7343e75ab3250a1eb564df5cea','0d5df317364b5e357137a6179ed27d8e960f2548254e8e9224d1321786c2caa1fe5fc9a910cceb80',0,'2021-05-27 14:40:34'),('29b3242a0ea1e9019674a034a5423b7cff3dc0b95be28c0a3d1fb91ae1b725fa147e0ec81188bf1c','698096b238ede855a2abd6475af5c84c162dd79c327ed5360ec5b794f8aa204e2b5910c8811c93f4',0,'2021-05-27 14:38:03'),('2cb8ba329ca09f5fc42f5766f233cad31e503101ed58c27cf37240156bc65ffb3f60e9531f0730ea','7a38cd07e06141349de52fab6dea6e0eb2abb128a6efaa88f196572d3132d05a124c41ab55729ce0',0,'2022-02-01 09:01:26'),('2d0b2d209a43aa59d8cd36099ae13b7791d5f518ee4cdca2522e826a7d08425549fcf47bcfaef78e','1570eed4509160177df25888ae56b4976f99e59cce202223da8048b57b83395e774334d0dfea8b36',0,'2021-07-17 09:18:36'),('2d16300748e58b8b7218d17e7b0eaf599f4f245192b47def7db18b7e50779f3ff3268d7bca35b6f1','87ffe47b6a7140e7a9783b32895f0587848d9f09853ee2ac303ca0e23e38bd709fcd6ef7b8e49721',0,'2022-03-07 11:54:48'),('2d4151bd89a4bbcee23d4bb7f32e4bf79de90b0fd5044c8cc2733061c5521dff3799cf372eec2788','b3ebf3dc1d47337b92bd0fc032be0a284e62b4bcf9115b169c3ed27097728221a4cb6b3e6c6afd39',0,'2021-08-03 02:16:39'),('2d79756afa7c488c9bb4df0e6d55b7d5c1f52d9cc12d3043c4b6100cd24987f588c407f44fb0aa22','3635017c5f1089e53a26736a8d1247460f1bdc283051eb53c296b2edc6e6ba1bb41464e971372504',0,'2022-01-31 16:43:37'),('2f2c1addf0b65b33fb307bbb903784a902c9f12607a0bb2a0f67aac43c0e940d76992ca8ea238c72','78aca13ddffef0b08c1801b933bfed443f585af21b24291bb021b5fd0bf7b64431e35a980feb395b',0,'2022-03-07 12:40:51'),('2fdded508472296cbcd22ea9701c306c1046c9db9f54a66cdbb6419c593b0576212a9a3b2bae0f6d','cc365457bd8638a8a80277029b4594c8740de9759f043839695d6a2f54e6da1eee99dd00b02d8f2e',0,'2021-07-29 13:57:21'),('300c4ca32ccddd85b1194d49d9516cfa72652b47b88696371d2136a1962ce81223c680a38dd3c06c','7e1cdc21df77a66f0ba93bd4ae29ba533f784b908cf75630c481f657b681779cbd9b05206474351e',0,'2021-07-08 09:18:57'),('31ed22027d01280f488ce6039dca00789e60c9b0eb3769ed52a03f60bac562dcfad2c85d18e3f455','515238ff74548f9c78e51c8054bda9bf96e97edd3491d0c7a340824c2292c9132e2f4fa0ff917002',0,'2021-08-28 10:54:25'),('329c541afefaf39080d5b628043d97f1799e470d870040311614ef87553b6721bbf625194198ab1e','d89a593c8d16ea72907a0cde5ef52f6ea270568dfe3a76dbd60e24a8dfe08162dd699be3a0181107',0,'2021-05-27 12:38:01'),('33b97df337c3df370c303053c9cc4c79a22827ae1e66ce9af3ac43a6a2d2fe6711cba67c56f19003','a933af00faa21f84dc788ee5fb3eb4868a75ca6a019c46dc64610265d8a14d5d1feafdb3a7f4697c',0,'2021-07-29 12:32:07'),('34192565810367bb6c55197dd5f2a4f3af5acfd69248a7544e7ce88902ba5a478a4f13b29eb2b616','e993e36e740ea3c9ba1f705978a9eaedcbaad846b56883055b6f49cbd05aca01b6ccd01b46396b16',0,'2021-05-27 15:26:48'),('3463cbb11e146d3a86e85b066be7e97991956508c7d216a826a7aeacf4b27ec207fb9a787f4915e1','9f5854bb5f5a28e7e0a63bbd846ee01e5a5c40511bcddc06307603ec2a184d381548905e37155541',0,'2021-05-21 13:50:06'),('34ff57749b83471f170b5b2e0120536ba6dedf7aa95e1cfb289db4d7241fe5165981f39e304566a8','a586447efe29086888490df2caa9dd0878205407ffc934d16999e3b5e6c82389ea6cf5fa3ac4457d',0,'2021-06-17 10:38:55'),('35496f9d4241ee79bd1fb139946120ea356c2ae854bd9b344a3ae8361506cdb4b08103c1fb760d31','958d09012cbd321e45a24bdbae1af7d371d048e59a447736d05485561a73743e8f82950b08cf8b01',0,'2021-08-10 11:37:35'),('369039df58f23fc9c80a18ef2ef73616e60108b2b2ea634b857eb966efa3cf7b82dd524288c1ab30','9c4ad9497e1ff81af58f6a8391ee612782e1f6ef7869a28e8ba9d68229db10dc92c38033ee533cf5',0,'2021-05-21 15:41:30'),('3992fec554dd0ff539b34f598bcaef94e9679a99bf0eaf218f60c61a6c8709a564d05bb27a3e1df5','6adb972579263471cf5f38a98c634a10def253bc1c110ea953f61f5784af7765ce1549befae51ee6',0,'2021-08-03 00:57:35'),('39b20205a868145d68069f6a1fc13fc4b89eeea5b6815d6f3a53c2aac5f0501edfa992947109330f','5a37e5eb60c79d83d5e092212f55f8440ebd44604aca376a8195c591ae75acb6c518b741083babae',0,'2021-05-27 12:54:28'),('3d43bbab1043f85fde2d8e1b7cedfc167c7c37fda17d938d2928a751a8f30db8b2b7fb50953f5357','fb544f78cfcd9ce785aaa65ec17f7654a2ccea4c34b8ce43854780c7e527489cf34a99028c15efc0',0,'2021-05-29 16:18:22'),('3e5d34eb45a2d477ad46374644d7339bb25d74ef2aa5d2ad8fbbad181842e479ecd1b8b0eaeb0cb4','defd8df9041f24e7fadfa2fa9fb0fa8ecf3f8c42906b1831835c7c7884365c1ebee37a613c04336a',0,'2021-04-22 13:10:53'),('3ea9510390f04c6cf9e26da7f33c241fe7180660b22aed178a30db3f0b30f13505880505df1fe2b4','f60c38477ada43d6a4e3f840f1faf5e64780fc19495c5ee170aa857e82ff56d61bd09adda17063fb',0,'2021-09-18 00:46:16'),('3f25495dcc85a0bcf321a5b0b9887b62b806f04c08ddbb9e8162f8dede3ceea4a88568ddd895ce64','fd52884ef013c71f64c09a343d808e8ec2ede48a9b6be799f744f7e6ff6ab5ffdd027ebab2d0e5f7',0,'2021-08-14 23:06:32'),('3f62ec82f060229f49ccd8d48311c961f441813aef026354a1cb9dfa2e40e320d963aa8666eb4f5b','aa0199d475613d52269a7d857d0d9443591ec5e4ecb1fa74bdafd982eea396621a03560c61fdc090',0,'2021-06-17 10:30:32'),('3faae60fe7f2a103a93d898761cfc7a4c5732edbdf1ec2a60d7c903e8caed573654ee6cf9a156bda','cdf8a0645c9d7006d77b9a52ddd9d908e0210745846698b1679bbdec5213ad662e10a74d2218c26c',0,'2021-08-28 10:33:19'),('4177370bef1a3b47a196fcfa2ed06ebddef544e1ddabba26d09d314093e1edfb5c9cebb2ee5f0007','4073aa8eb1d03c718c10a2068a390355aad1a6714c4f037dae19e1c3eeee5e238fdeabdc939e3853',0,'2021-07-18 20:54:43'),('4190a51dc1ea270294d968e5488e62d9463079d515f61bbac196176b0103648a466c41476a855e13','a14464d2db0a2faeed29180e0f3acab87f15569f7fdc3a903069d2a74829b349786cd04615179e3a',0,'2021-08-28 10:52:41'),('429abe48ecb830a83a1a905741c34f2e4e463e67075648711ce603082ab4326d51dfd504e319d4a4','6772b3e7d3e2f323c915a6c3046fd81d5d2edab202909e40d0e2a9e68e76ba1bd58e3fb86ebbf64e',0,'2021-08-09 19:29:30'),('440d8fd8972f72c02007345cceece986aab0b725579b5e86171ad36282f851b4cc5314a2e22ace36','bea13f6ef214a7a57cf86a42d74b6ccdcefef806f3655a63786bcfe8bc2a008a97fc65622d4306fe',0,'2022-02-01 09:10:19'),('4482f13e09562b0551af8e62a8ee843692d88604f853d9a07fa8c82475212aec95a7d8e430d63c4c','12b2de04b5fbfd8431e9b62894bb2d9acdb545347ff7331378cc99f64d457d87fb2589815e19fb6a',0,'2021-08-02 23:35:51'),('460fdad0751d397ed643dac8f3582e1226a9619d2043ce5e737b44e0381cba97573f1cd8840d3b2f','45759f3986f35e5b69201ad2a891fb8a8574a45e2ffcd22a674860b72c9b310fec292b18f57469d3',0,'2021-05-27 16:18:03'),('46c031c0961be01d9c4996e971b5526b206389f30b291b9d8403ba5b067eaa57d5c03966d5b971ef','4fd3a20c522eb04d4fef092481376bd73d14f5a4a5699a732316c21dfbd9d7e4137b59ebe20e2f0d',0,'2021-06-04 08:36:26'),('488a8b29240b61671f5d280100ced68f925e6ef1fbd6bfcbac02dcdfe63bf4b0d7f966c6c5c2f934','39ef0e8d4bc8fda0797db727ceb32c4bb9b567d354329f46768ef1517ea724912e7b0864a4979369',0,'2021-08-03 00:26:23'),('49681c6416b4e79461ff4eda2601196d1378cd4e79194bbd8fd3ebd88a1333cc8367ca2177c496ee','9cd60423b03afe8408cdc55ed73962cbc7121d8ee06436dbb0a76364103fdcc9594274a5fe1a8351',0,'2022-02-10 07:07:40'),('4a486195fcd7435a7c7648232bc9ea70b9dd4369be5086df74db4b641eaf574df856674b0650e62c','847b29f9e36babfd757cfa923a5b4cace1c456f97b28ee3ddb95c9f0c8102dfe3544456bed971737',0,'2021-08-17 10:39:22'),('4b3d8ffca9ae4716ea4a72eb9178c98ef27b9bb8e1a75ad24fe3ff96878431a076a50f2cf1c75546','0b9541eba57700523596cb4c2ad4f129b0f04677d7a1fda14ab7ccc1efaf7dea764324c6abe7a357',0,'2021-08-09 19:27:41'),('4bbf17d4522bdca12afd3fa1d48dabbe3735e4c80c09c987e26607303f3b9c0aeb40b49fd5519737','3ab9f261412ebba4e5b00587a178877926537175aecc98d13c120ae6e239e7ddc8315ac15fd46001',0,'2021-08-10 11:03:55'),('4d9619d21e88435f9b22462bf2f9c267551720b401109d68c7ed8e7e54439470b09402d33213600b','1e9b7f1556d139caf39920942465cb093fbcc9bbd0b4b3f7ba32a531ace0573998b6deaad5567610',0,'2021-08-31 10:30:41'),('4f2fbeaf52382b97e41637d53a5fefbd15758e8946302cfdf396f016e80830a90b5a71953e2a0fda','f8db8e5dda71816665427f7311c72cf3bd4ba38a0e547d75870ff9fa6ea7b409d37dbe930966272f',0,'2021-08-14 21:22:36'),('4fbe052c04fb8381c4dc67438b2549e25ee34a1918af95e97869bf299ed33afdce556175702432ae','949ff83b1000635a85f83bb9342fa3be8d9f24b44c646d90f4afae2991e4fbc972d164dd91455960',0,'2021-08-03 00:48:01'),('506867fec6ab73d6700dabbedae890bcfd98cffa002b3f32eff5ecf30a810fb9cece6a9ad58df39a','992077aa9b31e536d01dbe4707beeb7989d9c3e484b005fb6f41d4d45667b945b70d8b14eef5b5e1',0,'2021-08-10 12:20:07'),('511ccae1822ccb3f02edf56597f8591c5edc7dba50f019d3225416961e17d79bcb938e1ae60bfa4f','d8da268032c507b11c0aef556a6b0cec4aa458f7e1ba8d214512d3a0f072c8044399ffdfef35583b',0,'2021-08-15 00:05:03'),('51b51dd08746bb98356d2d61da444cfbaf881211fb4ebf1cb129dd700073a06e09673b37b447c6a7','558f07843ad3f549ebf905507d32b65a37deef24e2c4209359678c168bbf43699a07a0aca692b531',0,'2021-07-29 09:00:46'),('51ccbd61f2a1c36f30bbe1788330f1d68ed44417d6cb7b6e4d548474086f08b6dfb8607652da1c25','f295defcd64e6aba4df3fecae575035033eeacc6408cff735ced9f5a443ca804624969183a81354b',0,'2021-08-03 00:08:43'),('53da972b1e696d3d20de5687d41ea1bf3f745a7a0b366e9166aebba74fb91831e86bda04cc65e2d5','dd97b3d964b15b53600bb692f8fd22c50df67737a880a58b1d04ec1701cf95a0e2969a22e197f3ba',0,'2022-03-07 12:20:53'),('53edbb7e9204bffdc80a56007b0c687df57d7bcd62920a551d87b29183ef42ef24a0f0fb69b2e2de','fafb4b949d092a6b24a1d1c39a2976ecbff2b70d0546efe809ce6f862caf8d130da274185e370df2',0,'2021-06-17 10:21:00'),('5543395727eeb88f843c06e45c6adf47e667638efd3602756d86a53e6baa5c6c64da88e6c95d38ca','66c1ffb3f4620b85ec166980ff49e3eca0915f46d0d2ff2cde56be560fcdd3ddea64343406eb2279',0,'2021-07-29 11:41:04'),('56e0b1d4e315e6292bd05f19d5df0cc785f7aeba6b239e76db696aadd1c6d53bd27de0ef53b32ca2','b95ca300b2cad05d01c24c19ea92cbaff838cf6dec438da43679d1fe252e8b0207c13714c36e13cb',0,'2021-08-12 21:06:57'),('58c332bb719411954496d7101dca558bd90dd5833483446f6da2787c3b0ddd003e802145549e5d7b','88c8b3123f4c77169390f841e5c3f8921c4e6ed1aee7ef438089f0101d8c85861b8b858c414cb573',0,'2021-08-13 17:44:04'),('590e8750aeccf00b7272d8b4a718650f34dc2c7253bb71b1b438a63ee680280e1f5accbba1d4e75a','c1f704cc6dd5b57f72675b8b7bbe4d2a1b231f2290fc810fa5158365093ab4d9d5ec9760c8321022',0,'2021-06-17 10:46:03'),('5a36088b068e2e5ba2a22211ac01589e649688f332ccb3df5dc99c07e4cc644b4caa641b6b52b18c','8f3fd62ddb0402625a1232ac8abd11c0dea1cd6a0c55447e50acefe378ac25368c52cd4e645f67ef',0,'2021-05-27 16:25:00'),('5b3481c5e170b525d18db5c1c5dee368091fb230386b0b10b332a6e0832d258d072fde12867eb9b3','498783ea9d33101d01be99c0acd3f058cbd2e8232566a57d1742bd00d7ac0bf07532b187886adf9f',0,'2021-08-03 00:59:58'),('5c079d49ad3c3c182b75ed254bad845b0d836f730f90756339c944cbfaa0931fbdba18851726059e','17c2a06e0325108789af317fdbc053e0fb71730c300083952cdbff00cd9b7c58565daf1095aff0db',0,'2021-06-04 08:31:24'),('5c8c7bdf95a9ff886fe7f428517366f2470d1f5fc0cc513a9c00a82a617bb746644a81b6d38eac94','7f62149c4cc8465f62027e7cfca99fbb39aaef8d1baca10b556345eb99e41d8dda716f6aeeadc4a7',0,'2021-07-10 19:06:27'),('5d2dd373e263025bcd7ade5b607183bc71b537c07d44fe7942924a8edea9ec95634b77e63c56404c','e9f6b6fcf74d5bbfddb4ad2e296d0c43d59f3f1d3645bc4dd008cdc0f23afc2e75c1ec1cc2c993b3',0,'2021-05-27 09:48:52'),('60dfb38f214bc88a9d88e60bb1016db1700f1891879d35e4d4b0598e2cdf202ba3c2c15b82452a94','60b9e69e70a5b3a965faa8fe23da2e5f20e9a502766660795dc867b32acc0a7c8d1b2a76c8c6c383',0,'2021-08-09 19:30:33'),('613ebaf54744fab42d2f40e6d24315484e686fa9cb5cc624a6fe2935d7d3194619142720a41e8133','9b4f1caa3450bb2a2ccf0cc3bcb3b9482c7bd5c948287b58f982dc3f668f051c23e349d2e0bbfed9',0,'2021-08-09 00:14:03'),('6158404e7c7b50da56ff9ee644c06c987c4e4ffe50bca1674eadb68d67fa58cb2cd9029be8a10ee8','057936c167f32b4e6af68de39dec83105a66d11a0aa418836dbc4f078bc113dc4afeeae25f6cc3bb',0,'2021-08-03 00:46:15'),('617a57fad378f3364bab7b83029c12fe1a9882fbaaca9f86da81abaa5035032cee1a96480c827d04','f9907db6034f97e0c9b1aac4a752647f264b713d5b360a697a11397162e279d8d95ec7f1c869063b',0,'2021-08-09 18:36:14'),('6193085f3015e830cd84018ef747e4049a2c705d74586b433daf01d2bcf858971228340e043b4b41','44dd2cd6f6a9529adbea775e41062e7e0818c53c623bcdd880f28d765c5a8d0450ef918994c2ae15',0,'2021-06-17 10:45:48'),('61dea4a5def0bd63648173feba96c53a40c17eaf25d95aea8a651d177e32f2ce52b1e7028cbb4abd','a09905e40961a29e09822933ca034515808fa4f743ed0307a91574356fc7db5212fd8153e54a1f0e',0,'2021-06-17 11:31:57'),('6248317a6348a67580c8216641f53ccd2d2284fba5138f469e8962a336a3df20d156dee67f3b79aa','0b7a0c731820da0bf98ab2b7403d725f4125df955362e84606128955b9804de04827773d3e1443e5',0,'2022-01-31 17:12:02'),('649369f5be0bed07c7e23504bed0e6d679ade24aaf4054e5b60670985edd0b643ee76548f49eaa23','9d77418e5048cf2bed44927c1bdf667ba5a8b15a546b49904ff9207512d255024e3f5a47add1d7a3',0,'2021-05-29 10:10:04'),('64b6f0c157dc7c36e3e2241cfc93de4d863650977db2a02916df769ae31134eb25f6645de3fb3e07','8ba2713718b191c78d078566fe54d213cbee78f40ceb20196d3db030cecf0fd3733866af3a998fd7',0,'2021-08-09 22:16:36'),('6511f10abf0e78a7561acb86f64f23068ff55adebecab94d14371b1b8412ccdf6e00be8a2671d612','14a50cac9d7b6f194968af760a24ae54f40c1acc9d6340f00877238834a56c6b48ca87142c7038d3',0,'2022-02-01 09:11:35'),('65c3bfdc1466b76e6acaa5fcf60101a8c3442c0eee860ec5f041932130c2183d0660e43fe7112f53','5a616918f9dcd7a8ccbc67bba50981613fb88ae30a0c00966c640dc41fa05b19653d3ed8561fa1a4',0,'2021-05-27 15:56:41'),('6682a2e15be103c870a2b0325935a957011f02d2e699b4bd9e7fda2e290f8fbf92d095ae6fc6607b','93fb4b18d9e43b15cc0fcb874965e4cdd6d6409afbea595a6c4cfc04ea2af03c60928d46be05d186',0,'2021-08-03 01:13:39'),('681110fb794994248a4e8dc709f088286a642e42ffdce6045dcecab4ea13b3256f7cddcb650dd725','3fdd4afe4e17b37271b964b27bf02b58c507507eaf8024d02995d016ee29077b73d235b49cc1dc50',0,'2021-07-29 12:13:38'),('69a9fc1a1926b1723fa4d0a7a8d463383b67a1da79b35e0522d90c729c8dcf900c0fcf03128b033d','1be79546849f41eea21d3ce829abca94fbf7d65e627bfaf17f9951b8699833da1f06a38c637297d2',0,'2021-08-09 19:26:55'),('69c54a06a7e71b108ffa24e312628cc4315853e0a0f230121c2c948d22815edeae9f22ef6e0290b4','2ff7dd4a45fc11d68c5a9713fa53376e562b6f89ec8ceaa0272718df7cdcd4bf1127d813a0c65b40',0,'2021-05-21 15:25:08'),('6ad0e5c2c5968711e9bf7cdbe62790d2ebb487186b8a29f8ba11e21c31bd2db155d2682aca73b9a1','f7d6c79412e693c52aac77cafd1eabd00e1fd853eaff6cddc47b89123244baf1588b47630da30743',0,'2021-06-26 12:05:38'),('6bd2d8ae6ddd1b3f36861ab640b6c100e0c8de6e7a1171bac1b293b7437336e59256ab9a80b648bd','f8f8d5bde0a17f899fd02334c9bf9692736e9be564c8017c799e666cd81ce34df441d0532882355f',0,'2021-08-10 11:36:46'),('6ca37c3b0816bb6778216b8c290cbf050a3797c5c51fdee418c9ac5e79fd8eea145213e7a44e9c94','9f3128d07977801bc8528af2d93878d80f0a140f416356e1be0b257c5e0cdf3c0650ead1ec5907be',0,'2021-05-27 15:59:29'),('6e71968a549f2583d5a05cf4246c457fca552bb104a48b64a34b13297ffb013ae88abcd610049b84','129612b6b23909b4d9820622b1793dff9a2185ebdf2c17d8f63e038cfdba7987e9bfa19cf4eacc36',0,'2021-07-16 14:05:45'),('6f2e2599d52cc8a8aa87481ab9fc091ced8d4732dc18f82d1fa385abe3128e27101b1db3b9d08a72','2a4fd3935dc510c7786cb3534dad29a7d5ad49aa0b329fc047cac9a4b322ce34e13c048d837c031b',0,'2021-05-29 09:05:01'),('715c902d61f796927299ed72968e20f50c3818da4c9a619f56857c07f542fce60670823ec9345faf','d84794a34d94351f496225a859229726ffabc148c4fd86e996e18158f737c9e4200741b35b35cf94',0,'2021-08-17 13:47:03'),('716289507b49295428e6a36228a766772f5c304ed30756cf26be5f71008de2146cde29641ffed0fb','67fee77e7b1f0b9837bc29405510c99f472b63ebc0113625dbf0cc732647e7fe226ae37d0ceee97f',0,'2022-03-09 07:22:34'),('737c1fc319a0fb0d10aacbc786b3b65c38a59ab5d399095a23d484f1c81256b0a3bf9c552327d02f','0348c1d1cf92917c21a45fe6acec9e955e43fbbad224acb66f592ca32c765846c22cac0a077e8c2f',0,'2021-05-27 15:53:14'),('74777537d128083567d298ffcfa57c4dd95ef64c6425139cfd7cb946865bb2fab330e1cb3edf748a','6976d15fdaa022e495c3cc74825ab7735007c8bfa42b00a935177fe39b40bf4953f3d0f45c468ca1',0,'2021-08-17 15:19:56'),('75372d18db374ec0217d0f39cb6af61c9b2d012e2de18d14434ddc88d55dc8dd7f5c4e19634476fb','0e9108ed6fde2b4c837a8f4fca389560ac41f2784729b446ffb6bece8fa53b51a0665e301c35b6d2',0,'2021-05-29 16:18:25'),('7702048505ee4c965d35fcdc0a7474fb82cb0a2a82804710feb5f8274ed80d6a8e7671976257fa7a','3aa84a83451181b289db00b3b6b9c694dcaff2c86a6a946070f00eb44268ca8c2faba8a99290ebe7',0,'2021-06-18 21:43:49'),('7797416001602c4c2c646e77d6b031d5152addfa30bb43c235d8b758187ceaaed7dabca84ce7a80a','21a9441d38b65b49911d6327a08ed1d3f2391aa42156e1cd70f1baf9327e62a7b9a720a9b170e156',0,'2021-07-29 09:01:58'),('77ed7457b244c095fad507bb3f56430024ad88774d52d18a8d86eb1c447a8cab8aa26d92099e5956','28c3059188234c91fcc33e28d7eb5bc401c1b8cef7d267d2c69b337b3a44077489fed26d9f0a51a4',0,'2021-06-18 22:03:35'),('7adf66606f5c4097c549b4940c69676cdce472a9b2e1203f69796f38aae154106ba6684183a776f6','93a95a281318470d156884f8c056ea366936933b080345ecf758cf25e88a1eb71530fea1999b60d6',0,'2021-08-10 10:57:08'),('7caad0f9a7ffcd14721af4d75abe33c5e78069da1bde32c8a226e001d194eb731c59315908c91d94','aece02edc620373dccf0bf161a5084f9e553b5bbc5f4b750a0f0f2e6b8d1c099a9f85ecb78c2e322',0,'2021-05-27 15:42:34'),('7cef625331a8a199fc616c03cad1d809ec6a771802c94ddb92e82b7a344f4b7779b26569f494b525','1d72b2b8d3c266d7175ece1de6e4b44d204140e032547af6e36cc9ce631466f64921bd8d44f0ddb6',0,'2021-07-15 08:28:25'),('7d5d495cee19f25463f8e5f8fecac732039d4faef56463e6e5dcc496360c1e33929c5358e10177e4','da9ea62f090a3a0621d351f35446c4c34b6dd64c917bbe50f3edee5c863498825ec60407bbad19ab',0,'2021-06-18 22:02:17'),('7f56912ac3c0a024785dd59159344811545e6572ef765177d90141a2493f567352742a5956bb353a','7755a297ef1f635c07268bea466a06fbe337ebe2a148d5fd374f05f71321903db9ba4de70d4ce973',0,'2021-06-17 23:31:05'),('7f914c8a3cdf272961d179645509cf8f106c1564cb08c4a4e46f6f97de0b47f2abe920a317ddfd97','bcd58754ad88f4b71d27f5994c3c60b4b64526cee81572fc490f0b54881ab5fef13167fd1561db63',0,'2021-06-17 10:39:06'),('7fffe4eb94e88d45b52fe5a4cb2408d4c26382d00d93bf1d09dd890b076a1535e7ba7ba912870cda','acc8575a1fd91c35efab316e76df6feb95df629dbaefb6265f22b555f09b178326121edcb130e67c',0,'2021-08-03 01:38:55'),('82015ecb9a766969a5d7e3391c88293876d64c9578a137311e99b04011fd2eaf99c15d5bafebc5fe','4c7dff6b05b5215ac4e04cb75df8b0b6d3c52b69b67da63a178e531719e2bac2cd03f4f6c8d8d225',0,'2022-02-01 08:48:33'),('83f5f6217eb65c37b7b80504ee4f8f50a8163e70e67e2ef781193bf6f463eeae21ba213fca51e975','b936c891a725b7f19f79d992e8790a73458fea01b07e2e2954e20e6d4ae74f5016d095843311c2ef',0,'2021-08-14 11:58:52'),('842cb1418b66a3d403cdbe6352954058c60eaa0257ae92ec680534575da1a16dfd3623fb1a6ee9d3','afaf8df1dc909b50c79f06e6feb6a37366b0c8ba51d4e4ce60bb2a748e8ab0bde13a1cf2378ce3c7',0,'2021-05-27 15:28:40'),('84612dac7339c9952fd96e4d4ed6a973336bfca40313579f40f549859cd74f64f95c9acd4d86d539','51c35557c374aa7c1e580cf64bec3617db7adbd687c88ebf0bdeefb2fd216a05641ad3c3eb4abd26',0,'2021-06-17 10:40:29'),('84f4bf3e9cd3f0ef45b9b45893a34e56ba2a26c1082855426a8f96676f9d6e6f645f920777429bc8','04f055d5569cbb8efc37671fe604c145735fe00d705d5014006d70404c2e9594c1b252db844d3625',0,'2021-07-29 12:09:15'),('85fd930f72f1302186cf878f5cfbad84049400f1822d7ec3ed90d8c272152304a931d017639a5a53','79700b2bae7106a0b42aeb759bd7f2cadc893a968575f60669a645137dd02af4002da7ec952e8996',0,'2022-01-31 15:11:58'),('8785c75d4b76b28aec9e9ec27f9523f73cbb3f33fb9cedb2735ed9e18c54319c6de6b69fb92b68b0','73b0dd151b8f8aeed6ff71538eba8bfa4c5eb45d174314ab89d768f81bc76d31ea315eea1abb2706',0,'2021-08-17 10:31:54'),('87c93131ccc466fc7534b8bbe11f82f967188a46e7ddf92282d37a0adbb5abd6cdfb909ae2a060e9','60afd3bc178c44ffe39c140eb90df84a43cc0630f0b0c815fd8de6602cd664ecfeda68a7f0d79c21',0,'2021-08-14 11:58:52'),('87e2737e256ebdded334944897a6469b852145b29bd5635736ddebb993398e981dedc5d3e2af5465','7ff7aa5c669f7910f2bc562de72b99ad778eec3afc1fd435565618e3f2f99755828101ccc0406f46',0,'2022-03-07 12:49:15'),('880efb15cdc67449fc9cb7e92b6529c6a6d9aafd37f5a25a430a6677a228bb5a11e807120ed3fbf3','9676bfa10fa9bf8dea383d76cd2c9b25ac499306b9eddcb657ecd535094b66a20421cd368d5342fe',0,'2021-08-02 23:22:22'),('882049541ac731239ae07eca9563abba3b40df613f7bc2637bc8bc726f25680c1008bcfbbf906bc9','becda9432aa3c6495afa0c45b1e475ba0a15716e1e80df0dcab5b5204c945382c4ba328e6faa8279',0,'2021-05-28 17:18:47'),('89164fd1a782e5fbb173ff8bc5a19dc6f002d8a52ad9d0527953e890a09fe35e5fa551fe70062423','0e36fed331199ceb85f0fcbb8464d02e2a9a225cd30977c2642da3e5d581c6cc41197a5f6d8a3bea',0,'2021-07-29 12:06:07'),('8a36124ffe9e79e8508f6d9dd1017fd8183715e243056c9f4a0e0e5360358acdd11b2782672ccb6d','bfb15b3c31adedf7cb568ff825d2a35daf526eca77fca59dd3ecba7e53db4f754796730a8e19b19b',0,'2021-08-09 19:59:32'),('8a59484d8d6beac12e7f7a88f5b301eb2670f925b1cb22167da6f952d94e8a63a8eda8ba7487f462','72ffa8473bdd9fb69588745b136f10f8aab509e99329845c923e08e70983c97ac52f4bd42ba21828',0,'2021-05-21 15:53:24'),('8ad7edac992da421d18079e8c3675d0cf40cd39927c841232a3eca01070dfe3067560856a5c0c1b1','950e8d31017cb59d6d4128005e0e62bb06ce097fba9cfc44441b1d6fa963153ba90444af7c770deb',0,'2021-06-17 10:32:03'),('8d6f94219a853be05e8c8e153e49cd9d761cbb82ad2804671b3597065f4bb129944474f9487cc731','5644246696cba6f2d8d9bfbe1327b502ae417953db109f37f752d7b930fc8514ffb898899e98c91d',0,'2021-08-12 09:49:21'),('8d799822d4d23d2034594c7fd748ec1404c8ad9509ac2169ae1c1b00740abd8db083dd77748ed707','5fed2bb1d71132e8cfefc6c2f653f29c57d87dc9ab2902d0358b61943540ed377c2c74111433741a',0,'2021-06-17 23:29:33'),('8d8b326819dd77f0defee1cd76bc3e9a28455d16a23626d23fe1267c3e621b72a750b9d3c61aa47a','067a117f416bacebfda617dbe755347282452d6ed839d456a90b9b0aa93dd56adcacffff40aea650',0,'2021-08-09 22:00:22'),('8f774e3b1646ac1a0c1cc2ae8f230317957e6e261391a365b4080a7bd8e4e213d26a439f90c0b0f2','2860249300197d2fafec8519590576d3dd7eff1866f683153f8fd8339a2a04a9ca28e3eba13213b2',0,'2021-06-26 09:33:13'),('9016fc67dee55e6d8df53d26c7849d197b161662755a678b67e0dbfc378742a373af4cc173e0108b','56f4679222c57c7aaaa07a1bf82d6120cc41f80a12bc7cf3b519309bb8c60763314f4ba59f2c35d1',0,'2021-04-23 01:11:04'),('901f08b4142e4cc00f7a2ac4eab5696bcf9d571174cf80a68e5147819aac93cbd36f6b626f3c01a6','9bec44c8351857e7156547e7ab30142577cb07254188c30da2e824403ac8077e5f021be2d37b7cd9',0,'2021-08-12 23:51:30'),('916ceac37168a2883f9e662bd4aec6e77bb662e7ea2efe480c66c2ea7d5347b78872229930b616b6','13b007bbb5a2013ef34c1b2e4e7f8580f97126b04459a63322b6c633329518032967ae32edb3d55c',0,'2021-08-21 11:51:27'),('91e85b2620aa5441ec215755cca609247dffe0fb84fd10c2a081d9928b0f3167fa1a9664ad8a0c2a','5cfece66ebed691cb2422f189f4ff89978b779f08ffe38d25f67339232366167d992af6572a88211',0,'2021-05-27 12:44:45'),('92096fc331df56e044994dbb8a923969c2ec9dba92a08c9f1949760d222bc002d21ec761b522b8b4','718005e5c99b5a45f79e6c10d003a7e5f57bda847a50fa0a984efb149e753789ac88a17910f06e56',0,'2022-03-10 07:15:10'),('92addb8cc4a237eb312bef10417ab477d4bfb51d2ac7f77645819ec27164ee116927b5e489f73137','44b6d9bc8489c153a004d021dbb992b555abf6996c220306493c47bfc0b6422a93ac36d12067e663',0,'2021-08-09 22:01:19'),('930c964d0d6957b47f5b1133e84f9c84293148879ca12829e98bd068a9f77ba27e78309b16c2c043','927688088a5bf51bb25eb556926fa268ed950401ae97d1b851d7a59b906e257655098adbc40095ef',0,'2021-07-22 13:09:34'),('94684afdc0962cd5dbbdbeb2872a79cd83bc9a1c7922a8f5f4e5dc301e3ab85fffc00047c9063a01','aef9c4eaa8226b9435620da157c4245d73e513f5915e1ff7cff57fc933e547be93af7621dc39461d',0,'2021-05-27 15:21:10'),('95e02d4560bc622e291855aaaa8a3e85b50e7892b405d05261e4979a68d6975ab3de6176e6f28139','27ab8cad9dfc89f528764e8b19c4514d83f97ee73c77146e0b291bc1c97be0d7daf0eeea93645597',0,'2021-08-03 01:00:59'),('960677f635466ff0336500303e7d726910471f0168ac19ff103e7fdc6fd41890ee89958ab03cd9b1','2b9ee269cd61f3c59eaf6aa6707191e26c6a9d0cef4af2517c3b29de11699605d5fdcf6033b89fe6',0,'2021-05-27 15:31:19'),('969a28a33be8cbb1bdf5a39cb34794aca76febb0512bc9feb511519d66e900db60f1494fcd49d036','f5069e83b21c3e2a5419c2d944d0f1ac6743ec9c9fcbd16a4206fc39bb09b47547a70ed9f8c62b6c',0,'2021-04-28 16:54:51'),('9ac101be8bb0b6b1b5a95b7c589b282d717e990a0275e5ad3b32ff88352792f90138691f9285ddcd','982b408091b5a4a055d62b60a7adaffdf399e2207d8ab7b8027e47621b96004c8e61dc37c443fddc',0,'2021-08-17 16:29:08'),('9adbc99e6c61d498be6766797910d30df53adfe320d21aa703c04aceb4c5a669025a34f7827ffff4','2a305ba980bbf1e6554de65c8bb950aba75b6f1f6ae7f5ba24e00a36e878ce1cf9d599f82314407d',0,'2021-05-26 22:42:29'),('9de490e61a707e3f841279f8848f96b08ca1c89d9fdd86475edff8a370292fb9bd2a7e25868c34bf','f84bc0f3a207ca194bbb1ed3737ecc638bb186c8c14e1ebe095a595b00c0f9ef111f39cdb695f5e6',0,'2021-08-09 18:43:11'),('9e312bf4f099734644366c9267213182488e413d12b4bcfe1145fbf3284927c16a145543ca8c5944','7e00d08eb332db2140d970b929cc5a1ef9d994134275d45b8dc74e9ef56aeb98a6dafb3c593b797d',0,'2021-06-17 10:36:15'),('9ee91f733bbbf24decad94bf817bdbe8b5d70dc30bd8c3804db44559f2645793a45ac8e0029649e3','7879295b7f805f7063c2e8b6e3e5ad14c9d8ca959320aa621c42ea980100f81e156694b69e84635b',0,'2021-05-29 10:10:10'),('9f5a313312cf3b43681cd389a02ec5dd2dc22087493ce655c42d46ef6fdcb29fba965e8b687b193f','e508ce32e63bee9d932d696051f60b866727fac7ccf58a4be4400d3e7d0f64504cb7bfeb4c5218f3',0,'2022-03-09 07:25:18'),('a02427631e33f63165b28a16d9f6f42187744cbbaad1241c79e0adf2561ed55eaba75e55d1907885','388fbfdb113f5081e2c7518c44bf449b028675dcd610d8084422eddbea5e60e49cda200d28ee2c21',0,'2021-08-03 00:56:43'),('a0babb0f58501501f9d2bb26fcf4faaecb09ebc931d2a9cc4d5d61efbc5868bdbce6e7ba44fce2b8','7a3c35157929b96bd78ba85aa1b134fe495f9113c62e752a639095fdbaddb46eadec9239187447ef',0,'2022-03-09 07:33:59'),('a0c283260eb051a6ab2dfdc12e7f4e4edb90d8f394b0f542fd5022cc5e72a6ea74af085abcd9a1ba','037000cfaf3fcd2ae5235aebbc73cb6df5df37821793f3e3a17716261fbf02a88b506a3411635c1e',0,'2021-08-17 16:17:12'),('a18c131a20e8a209146d6a51b98e30b9e1ac16e5c5a1affddef5bff737e253cd44202d9e28d4ec5d','33be4d90018d895a39217b4d650eb7d0740ce8b3920cd62c18847d8836687e29990336786db7688e',0,'2021-07-14 15:19:15'),('a20a8227a14ebf7be7cb2c5ad4c90730b71b6a9f68eff4a6f768240a139aafa13688676bfe8a4f9a','f330159100d54525c6b5e00993cbadf621b2176a71b49b7ef190c1deebf6ec46f9508ec6090cdd3d',0,'2021-08-12 09:41:23'),('a2426a4ba4e966ab96fadffd7e448147685d12aef60471539cafaaab38751f08ec68972558dcd2b0','23ed26a28c1dd79c66818a9b2f9b9fc9c2b60d14fcf46d8d09895b91e0e3b648e0a6524613878076',0,'2022-03-10 09:25:54'),('a2eabd4bcfd38be7168dc5d8c287c160ca8bd6acb40922c931b07807c8e4ab102cfa2b2fe527b5da','1391add339bf6a6d1304165365b33a1b895bc71daf1a2844d4018600c4d25ea2487cc0b8f0f80b2e',0,'2021-06-17 10:30:17'),('a4148407b6a557d5c40071d7b825f8b9fa03274f15099ffae9d522619e336161a7e0fd757031e9f3','724d55d4fcca578a746b92e41d3d87933097344b0840794f83f2ed8daf192a09506f7bd4fea37e06',0,'2021-08-14 21:23:14'),('a480c3882ea319f24d4059e4629fed0efa01dea3b15a5a275eeba89c671c9b061cde3945bd68946b','b3518d352731c282cce352eb56bc0ae66b52b9bdbd6a19cec880785d9fdcf8ecd705b2edcde359b4',0,'2021-08-17 12:47:49'),('a721666c3f37aaa70e3f4593ac7c45bf7e47470bf7e07f44ff322e2ffae1e07af8f869e2ba7ab939','832e4c94e85fe4fac91a86bb291f53c1cbf62c93102182671fb72896f1a14d4384fd0e1b4b62bced',0,'2021-04-02 20:07:24'),('a7316d27d1056cbf4acb743a34de4e6b58aa4fe7eb77bdff1013284a6bdeaed0a3164a95b3371ffd','d7531599221f623eed885462e19af55e21559d55ca81fee9ccc5bc0733f5091e456969c6b0928df5',0,'2021-06-17 10:23:17'),('a742535c353ff8eb1df2c32f8f3a940c734b5965ee3837787453dfc7bdc5a5008cd8ddac35aa8710','ddce39df0ed0a8b33dc36f33e02029fcc4967159829a1d7cd4a9bc4ec714409cbe40ad3fbc804df3',0,'2021-05-27 15:25:29'),('a9268d2812b7bf0c46db87f0d6cf06ae6b08fc4aed82a4f5c64a2ed49dd0a01f590de12a868b6a58','ba7f558c2d58b92c15a68a68bc8af5ceaaa562439eec123edc39a0795c41c3d9336105f9bd4a99e3',0,'2021-06-18 20:35:24'),('aafd2e605365cee493cdd33d34d673a15bc822c61c56647cdb211c86aaf64319f978752e79e9804e','a4be5336b136e380ee97be8cc86dcc9e8e95126b8d4001a44f42f4b44fcf1a65e7bcbd71b30605e5',0,'2022-03-09 07:33:24'),('ade2cf5ba07997a4ae082687c707ccf645c963ac374fb8db848064cdac48cdce46eab7f6df74e54f','6f71c71bf363a69593d846b63a79879c3ea99f99c8a52f9212e15cf13fdf1fba7951eb94d68f17c2',0,'2021-08-10 11:07:29'),('af7a6fb58664021dac72c01cd48021d256c9f31d03a707edb0ec674e0181219046d453fbe0e9ff87','e7fb8756d214ad1f4a86fbde4565441377cdcbee4a9e166fd4a382a7842293bb1f27f27fac862f1e',0,'2022-03-07 12:47:59'),('b364822e87eda6a474cde8948b1d9751fe8fb0a5a3f4c023d50b6b322f6be340d305aa7908709d01','cb1ea60f2aa0b1321ab58e3f7f9f908af8fe3506f8417be4e2169d6dc7a2609801ef480272b9f3fe',0,'2022-03-07 12:41:21'),('b36c26c4670cbbcc40403b668a6f0a186b17c122dd3c759dd27950533ccab0d516d397653d15d310','fe09fee6cca4298e13bb0482f03855325c3f7c09ac7373505a3bf9f7a0d61c7f65d93109a5e80356',0,'2021-08-10 12:40:25'),('b3d8749092b6c8d8b51afde93418662e3b18c77b94d08710073bdb3a63483f1a57fb223fb9c898c3','a0fbb56ec77bdb7aa022422ca631d1c1eda45d523ebc369055bf9c6521256319e05a704ed829e83e',0,'2021-06-17 10:23:31'),('b65c33b326bd871a995ec5480807793a3d4d6e0245076c41b07899cec0003793d05b76466155b582','672ba37f7d10b8f453c158eb063c257b4990f728f7446d216a2ab33d90f072f8de2974e7c9d1b428',0,'2022-03-09 13:10:02'),('b7ba9ba0cfbc3f0cd247f8dab6521e57f9579ea36d325ebb1fddcb877aecf40919c2dd3a77ceb087','0e891ea0c947597a852ef29cc88a904562fddbb53333b59d393d918b88da22115c214aba5e9ad16d',0,'2021-06-17 10:33:40'),('b850817e16412e5d52f9b9692c6fc99a777f50a6fb81abfd70f32be95d52ea61a039bbc018a8f420','4459192937657bbfbe4f6231071e275960abe5d585b8c517074fad8730dc92d25874c469834df38e',0,'2021-05-27 15:16:07'),('b9b37b55802c6428c128e9c4cc1faec82131bb716efee5887fccf4617fe4d024b84d0096ddd4250e','7c9a2cee71d7c28a71c7fa33edbccd7c69534b0e9b4fbb43b00a8c7f40caf8733b5f461a58ddd62c',0,'2021-08-17 10:55:15'),('b9be34d3e7c87ec927f548abbfa8aa8972d786431ac52cae8cdae3502f9708da6cf4c97f79a8c78a','3bb40be431e30aa0a1e1bbcf6b1bab14422ac857ca543b17f84a200f73d8cf5ac8fba0ef8b45260e',0,'2021-08-17 11:20:31'),('b9c602bc001bf440fc984e12865e2e1919f2099d23ff8456202ecab1deed325e1d51f5feb3887d70','5c9189519f47a158b440c5aebe4b0bd74f6b3d17e7f1c354aae1b63ff48bebb90c817d319e19e3d1',0,'2021-08-10 11:03:10'),('b9eb2e53af223c242874328b4f9036d415e9f81c7a0ca3d749a421c989c13ddf1fa8d362f2fbfdd2','a044af2b3bc9b8b174a4439a94975b0c478077faba8438a9a4540071ddc5cdeb0ac62b839ff53a2c',0,'2021-08-17 10:31:02'),('ba7343493fa0c117bc7947daba19f728f4568962e8d86e559e711657b623bd6291cc2d7bce1510c3','79cf633e36440addc1d6fac22d31885f78d2d8d0b4e74e3c9cc5fed08fa03616b81c1a6e2574ecf5',0,'2021-07-31 10:58:57'),('bab5cf6ec504fb2e8f12ec4290afa94eec91dac82f11c1c90e5fe8d379d76c9a69d79fb114180d82','03dd29f2ea6065af7505263de7801b7d2e494dc821ac43900ba7b4c75622a1fee6504ce5c304d7f4',0,'2021-06-17 10:20:54'),('bbe601944a73ec04cf1b441a97c97874cdb12746408f2c5ff562af0d3ae8c72efd8ae21010d07f52','477e6d5de10766d27d15ae232ab5ef146d9bc9199e0ac123cdbd92c92daad9911b51627e79e1a70f',0,'2021-05-21 15:41:43'),('bcd1fdd4c1513d1636468da384d6df20afdb6356b902e224be23054117c08dfc6e5713ac4a5402a2','51a5d1d7cc40b20f1214ef4a69710eaaa2c1bead8ae4b6c8c00e9afe3273097d9fe64cd15d741b98',0,'2021-08-13 01:56:02'),('bce727810fad06b90c8e8e1c50e0bd61eb8a8479a22df6fd15c0600ed8c4f5a6eac1a48ca1a3a4c5','bafa7d453efbaf2b5e2784441a6016d5cc2364c739f8f76018148e2f9337c4a2f9dad33ef46da6a4',0,'2021-07-01 07:27:32'),('bd8e957bf598ba678dda3228b84b25a4b43c87322122867e5846ea1ef9b5024b89044c534ed22bff','d8058b0ec09bdb51a26468684b0c8d9eff4f22ebe1079c37f102c17f3fa315a579e9d41e9992ac85',0,'2021-05-27 12:47:06'),('beebc068eb401a0e6615780a1425bf2862a5c50aaa9545ee743bcad0cfd1324b1957b887da28df02','54bbdb0416c2916e4906ec4aff196a1c5a2f5a25fe1a3a29b9045eee0818726457dbba9ad71c3d2d',0,'2021-07-16 09:30:37'),('bf37ad6a3518e20e5830b73cd49942ece73a4a4e553bf9ac3ea56438e2df540cf3b29a9dfe36465e','906d47dfc3c7b368123c5a87e480a3d5a8da5d2618e39698da0d28c0dbd3bc1365f2f24faf7b33a3',0,'2021-08-17 15:37:12'),('bf88c63b4cb8bc92a486936654fb30f833fab6368cf1d2cf9520a662e7878ba04b6de9db8b53bfbf','4c49122c3148524406fa06e99a2daa12afd3cb2bc2ca708d80fbd375e432ca1ddb5a9682a1b251af',0,'2021-08-12 09:42:55'),('c0939245d775300680a171afc5af55599081c8233120201786319138541bcc30549682bc3d202622','083467685c1d89a92e09bbb8192a4532ba15fbca386f04077cdc5da8c0edde8f6d6b73c9c05171ee',0,'2022-01-31 17:13:20'),('c0ca8d67890114b25a8f863fd030b41d709f6fb0667cfbadd6ea79544a97637dec83e0262fa994e4','105f5439472dcb9c781b9434d53c1b53e069d880e4ae91a87196c6ba5c39dd92f6a50a3f873e204d',0,'2021-07-31 00:24:23'),('c0f70bfeee077733d0365e07c968c9b189652b59728ff175d1fb5230547f2267b168ca0cc6a40365','d1d68859c6fcaeeab38e001e1633b5893d72e8921a733c1d01359322f119aaccc77f38e5bade1dd7',0,'2021-08-13 00:00:01'),('c130c3b4f183ca1aa42e994d52309ff328ff70eb0d4caa9f67093fcb5bb35a5c724699e652730109','292554915275bb01172127c498467d2f5bf4a5d08f2aaa5c60e011dcf186ffc45b4d93b2c9ec2e9b',0,'2022-03-07 12:55:29'),('c2dfc20e2cc371e449f7e2322581d176a41395b2d65471b947c11586a2b604ee34a51d2867b7e727','cecf49ead28a37909cd5f5ea71d5e8ee00c269b88228c50df664d29136b1c4b324e6dcb9bad11d31',0,'2021-07-29 10:57:30'),('c3526dd5b709650bcabf6ed68788473c6adc4989bbb9e27f41171c70490eea4f5b58504a2279a033','b326267af2d7b08bafb3e1611e8e8b467d667edba8f5d20538a8cab038a3a98df73b73bb54718749',0,'2022-02-10 07:04:08'),('c3cc42617857da39b035ce473d9c2dbd103471484162d53976d17d311eca5679349fb7ce9f88b6d3','42bab5b3e7c20d6a31c7d5b2923e420c68c1d9f20ce1fd02908262dc8c770a0662121ee18ce30eae',0,'2021-06-18 21:38:35'),('c466d4f87490b59b66e03f87dc7e407350eb1536b4b3b75472f2786b2764af34feafb981a0d13242','2ad4c7fa1c5a571f0d0c50b308760fbea73228fc9304ee7faf2459dd9ea49aa25d2d8787625d26ca',0,'2021-05-27 16:15:20'),('c46b66a91311fbd6fe11647676d2b0b59edcc40b95eb9b521a6cc53bcf00bad11fb05483a010d5e0','c17d6b7374c8040ccf61e441940edd2d74271e3312763c46a99765dc68ba944e47c73b2f34273c36',0,'2021-08-03 00:50:10'),('c499e6670d67fcc143e6b97f6327af95fde5570560e80c2d5c72f7a542a88acce617a3b3375f4a32','43159e7ac9d2295efb5a07c7bd021ba785a2bec14eb92d5bcac916e27745978338654ec5646d05a5',0,'2022-03-07 12:17:06'),('c52551a1c4be81287128ea0c2a039d1f98459664856ef02651caa6499970de0bc9530f310b5fdc03','f12d95a9bcec36699b6bfef86f26f1630469812fb7d232ae10b0c05da86b5fe7003f7d76cf27cf96',0,'2022-03-07 12:21:29'),('c6a98a528cb7cfe21c6bdd15b5a3270c4052fec488ed587e3cae8d1fb229b5a25fb0444d81848aa9','7cc82123562bed8149f25841f90975d80dcc88598d822c4affec35e9ba79061b59b9de0c8f58eeba',0,'2022-02-10 07:04:39'),('c6f67c02b5283b80d722a9c3dddd11ed673ed675bce710f46250847b0e5b4febbb5200a49f51fcc2','81606b8a1ba6d2c26a0c41effc87a78f1967c3e12b3c7b85fe8540623ace909fb11a931b9f66acf0',0,'2021-05-28 20:36:37'),('c804cc6f8b9eeb1c8dd7fa3a277f8289552a3541c6b7dadd1c26a998ba11cc463c36670eb1f833c5','9af38a8ffe6fcdd5019ce361f9f5855a172f516d950914903aae6a13e658cce2179ed5c17943ea65',0,'2022-03-09 07:25:49'),('cbd4da67a878dcdaf687d45cedf66d97de7d2971a81717d670f2e6b4728436f5b2134547144af1e0','c4d4b03e718e4787679b24d8a4f8d14b8dfa06418098ff8d12bf35227043f8c510d6b54970197089',0,'2021-06-17 10:41:02'),('ccb68b8c164438dc4f6339cf7e7eccc6716b611ef7583e4c82c25c6c8fd83279759ac27f50f545dc','22f8ec1de535076ac6135dad989209347ed7e3c6b1b18bed644e93def2e0aea364a55640b1a54dad',0,'2022-03-09 07:32:21'),('ce14c06986e3b2ff2cbb645f8e6700c224087e96417abb6d93d9c49c25ba02edf94bb11aa99cc3dd','680595e9802b2619125c3ea9fd10ae38973e467d088225c7636524835d033333188ae79ffcd1bf29',0,'2021-04-02 19:54:20'),('cf975dbff8c88a1dfa2643f9f96ae17c1e9cd3977bd8cf7c25575814ff59e65860815b5aaf8b2a9a','8396748aa96987c983bb8c8a6b5198ebc9ae612b6de6f252e2c6b8ae452f50eee8499b341a884c69',0,'2021-09-18 00:47:22'),('cfe62bd19b85492ef5624979d6da03098966389e17f00c99b5d8797c12cb225dae73b8ee393600ad','ad68ce2d32c9e6d48f01a497f1f35e8486fd3e7b3689e4acb3228216431cf1f16cf35ae509dcc45c',0,'2021-05-27 12:55:19'),('d09362d87372b8923cd53aa5ea7399c9b9123395b19e1bfd30c559bac9abaed375c283c71725b5f2','5a3fcc6f355b72bc740f6b6b66a0fabc3e2e2361d9c7859aa336cbeac787e7563c371bc88b371904',0,'2021-08-28 10:33:09'),('d10334a49dae2612e804640de11fb861e0dcdcb7a31bf0d148a77e4914919808614b8c97905713ed','58711af8ec78a8f83e2c686ab64bce5a92705aea5f8ebcfa864c64d141f0cd27d957e5ba2c6050de',0,'2021-08-09 07:34:06'),('d21241d2af0962a726803d5ead4394a8dc3c38c40b50bc54d9f1ffcaf34b89e1e53506a1ab4b233a','843e6b23ea6255ee7e61c7735d36ea1b07d81c53dd884a174e6eb4e953a1da979bba99557ce080be',0,'2021-08-10 12:22:36'),('d3403ce23bd3616f146f8c412a290832ce6656dc120aaabc141b2bec9360367de4dafe1db520c536','22d324f9f264e9480dc3da97f6bab4e2dec7f613012cf37ee9423da8236ec74ba21e8d0abdfc3bf0',0,'2021-08-12 09:50:52'),('d38cc1ff2840387627164552e81b4bbfeb1018466b31729aa6b348127ab5cfa440772f202bddea7d','a0705288bdf22a2c71162d5feaeeb106f725a84736338ff647a4c748a85842674aaf326585e2e57e',0,'2021-08-15 00:02:54'),('d48a04e946dba388f87a8d147c8a768addd1b1c767c95fcb0e3f59de34bb8bb7d3285bfaa1f6a754','b774d569b231276d4077253148eadae8a37e0e01aae68627835986b1ca4ddaefde1b2363eded9626',0,'2022-03-09 07:17:30'),('d659f2c150cc1e5c3dc0dc7503b6d6f5cec122a062328f750bdb6f38ee44b93a8f607c73ac6c06ab','97a7aa410d1a091ffbad7e2ce90a4f754f6e0e6dd91f01d1d97fbae7b1763bf10da79dd6cc1f44e3',0,'2021-05-27 15:59:16'),('d6d2879668a5bd561180af29cdffa231a31b1ab0d457a98502d9a4805ea939083dea3f1ea76b1098','b338991101990f738928544a33fb4ef07cfcade11e684978d02382641f272f62062d22f5ae332e83',0,'2021-08-17 11:20:01'),('d7e2af8be71dccf431bf63c94376a0d858cbfd2870bd704e117bd46c8d4ce6d26fdaeb8715ab4145','5f0825545f996aa7149fe996b2bc21e7a5004b83da3f1f7c3b9dff87c3232576e63dac5edec222e6',0,'2021-08-10 11:00:42'),('d7f9394bd41f0e8e987589e9e231b63e54a3162b833396da8cfb0794148f27bc1a6ee6e1e430290c','b401edaebc1297d1c6bdf2c3133212a74f995438aa340667d4db8f9a2396914aafbf6f773d35c796',0,'2021-06-17 10:48:34'),('d8bc186e598549eac551ddaa015d776db1d194a9fe596d8d14b23074fc734fc225d13c5a82b83c9a','bff1cc9b59a1e7e77c26edae3bb8caa279f3c9a4da98d0214b10ab6939f0d86cf49571b883cf2815',0,'2021-05-27 12:42:06'),('da7257c85afcc9ae6210d3b71135ee57b64f177199a818e193988cca7ec1c80cadc2218663093e56','11a41f87f152a4b0a6fa786912c8f1fa780a795ea646516af3a19fb21e9999df31fe3353ab08a2b7',0,'2022-02-01 09:05:07'),('dca66cf4564a39ab90a98bba7848d7d8872d1ba843ec7c42f22d29b37fe9ea3e106b7e42f2544217','42c3cba3a70bec28c41bc2f3724a0bc9921047a16071e51d65f23f19ada66345dd11436c3bd86dc8',0,'2021-08-31 09:56:12'),('dcc0326495488e611e955f74e6fc64912341885bb8fa7a095459db470a098812dc98918e81c7215c','5d3a91b668e9558958f554c82cbe0eb354b9166fee59418cbe9ef152d0cb5f75ccabcf4caf2a26d6',0,'2021-05-27 07:57:24'),('de2f8f73485634d9f9ab904319fce52af5198b31d68cb17ba29d90c58621449eeb7e162b73a8d1af','d23c2c83d16a84562201d906c33e4574ead190b66c9c7b1bcb6c5a5cbfebb5caba536ae40ffbd5ce',0,'2021-05-27 12:54:30'),('dea549beba52abf8d806ac65d456c8f42990317089dc8b17c94012937e3a73beaf47bb2027a0708e','814ab7ded5e7bffa607fdfaf989dd3d67d4f5f83966791847adcb4837b663841f503ea84d7500b84',0,'2021-08-10 11:16:29'),('e13bc30bb1530fa9824fdf70be4f9e219abfd029c11fe3fc8f9e60e10d9bfd6f69b735fcb897ce67','55944836658ced59a4c515b36bec4ec6abeebf6428da6a26d97771095c4ce8fdbf6efcc704470802',0,'2021-05-27 15:19:30'),('e1a9ac5ca3fdd8084c98d93f120c76e09df6cbdefc93a383e646aa91bab682858b695cb9b4d2818c','832e21d99b4fbfe5ca0eeb451cea79281c36c04c56fa4806a776d47b5930f692865e62bb466a3e41',0,'2022-03-07 12:38:23'),('e33f5e0aa3ff177052c96cf8bff810244d993e9b906b4ec8ae4421b9f86a872882e2d98e7a9ef427','751eb06b046768b0b99cfe76a5ac07f68c122a9ae3d2f8cf297b5d8f85753d86161fc5bbb1ccb0fb',0,'2021-05-28 11:09:36'),('e35e1bfac69e8e5b51252221bf80fc21d0d49b99d3d5d39408113cc3816b9b84d12a163ee2f0fd46','e69e0662a81a57ca600567d888eeed59ea9435d00c4ab313eef2360a99a969c4669e9591ce978683',0,'2021-08-17 13:44:37'),('e5498ca903a86082c853cacec7427b9d77abf3793301faf7ee25e64b5721930a91aa2d4df54ceff0','babe30b425d2bd6731d9d6a9e1180ff0bb495c474d75a376f22c428f8a156fbdf0aea76f35245287',0,'2022-03-07 12:48:52'),('e77a615f45f5390c6b11e564d9db44093e9e89cc57ab40d22f5800126d4ef5bfb65d90d4565106d8','368b2fc502e6dcb2342938e83e35e49eb9b9a9a4ddbe78c572a65e23ea8add24e22a693d5abb4da5',0,'2021-08-10 11:46:41'),('e7db7094b7ddb0b3c9416b75194214f23b441eec2b78b3edd9297e9dc56b2a6c5a9ecf99af9adf41','1d51802a54b39f36c6e0c3077e969cde19394287f25ef0a73b3456cff2f21e183571d0a9ea4394ac',0,'2021-08-10 11:38:23'),('e7eec8be544b7043246aaaa2cbcdbf973e8d01bc395454e73ab6c8b4ce7f3cffbc17eb3f76304934','d743db86dd8ac3c0688a96a2513aa5323f9d2ac6e0914256886477854bea49a4b01fd013b8abd18f',0,'2021-08-03 00:26:59'),('e8680c2ee8757a2195f8ffa3f2a5d87b1413b601562eb5e9fd6f80e60c0e3485c47a01249c653320','51cc7901550a6bb8f869deb702614fe8397709fb57a80cd8f33ca14737f288013f915279662f4bd9',0,'2022-03-09 06:51:49'),('e97216f1a5dc35717ccfcafedd5da474d3f9ccac7b1662443681c4b159b65f069bc98d6c5bb60cfc','6839afe87e6e24973d1600059cf74ba0869362eafe618922a16e6268cead4ae0a9d2e4a06c74a2e3',0,'2021-05-27 07:57:13'),('eb84a13e22b19f4712f3732003328ebd3b82f9a25c2922da13fc9a4e97636fb334bbdf9376017024','340916346a0ae04b4339a3534c2259909fabba1eff44d911983ad865a3461dfb9a341ce5d2bb0df3',0,'2022-03-10 08:10:31'),('ed235ffc3a74ff1bd20a8024d83463d5c36f433b1a7215ca6fbf7a2183112733ea8d9577675f3e65','46b2aba946041705b656b26dc302128cf5612a952a7ddd959e6dd06b3a8f5bffcbc69f4d4ad717bc',0,'2021-05-27 12:45:58'),('efec333ddbc4a20b0923cab497794439fc368689b6054508a832d7460a6684ff2bcfb4007a00da2e','4ea1b329dba3106206eeadb8181b25c3f39661ce36998eab301c8c7f1248273f089107c3aeec63f3',0,'2021-05-27 12:49:45'),('f04e8e2fc4f26ff2d50db58a58de7699d85ca3849f17d299e21236ecdbede3bc6c1c1454ea08b85a','3e75c8fb42033b426ac22b5cf271dc4a04aeea245be4bb6acf41b6fb2278a0292c0855167449b909',0,'2021-08-09 19:31:12'),('f186069e617bf574d67aab99284ca6ba3007c985ae73aa93ed584a5013441c7ffe0a90dd38d57830','11763c580217e0036197fd7966f9b764ff28fbcf01ca22e3d9ad8ffea26e8c40d7c4989b0d3e4045',0,'2021-06-17 10:19:00'),('f1c3bb091efb460765ceeaeb86500d29adeb1fb373f8e124224e2c983f228a1f8c201c60c1cfeae1','504d2682437a2e085bdaaa1c7df7ab6de6656f201508b25eb52cf0eb8bf957ef79edfce9d881e825',0,'2021-05-27 15:39:59'),('f2a8bf9b5487792ed8693ba2d1f45e9e4fbe94447f48c2fe8165326f9c982a7bac39ab1c5939ad10','25f2f6cdb6c2294fbb194a413e08e187cf4be3c70a48247d11ed26fcff9a87f9aa2f3d427108954e',0,'2021-08-10 11:15:14'),('f2c5d56da471ab358170e45a4a5fb032294e79c5da8678e011e75c02fb69830316a799b99f210052','ade946b87724dd51594c1baf303c20be3001604974e38075911e177995f05858428652615438da53',0,'2021-06-17 10:41:34'),('f2dfd6ee4872ad9c47549a4486e64b6e39c775d2c7e7982c2f65405501625ef2e2eefe73de28ce59','3447a4ddfa7521de2c9c715ee360a07690bdf5eceb27bbdf80daab963b8a832561e8d3b9a0517bad',0,'2021-06-17 11:33:11'),('f41c83c4a24428c33982cbb1edddd90cc1e0f3515f01de869a230f41c6b1001b0e9104bcaf5682d1','772e5be7ddb20af53d03d5f5e5cc5f116e23f56df38d1de619099e7bce102c66f80fb95a3aed967c',0,'2021-08-03 00:20:47'),('f48c053fd13086d07c1dc7ea5fff6f70fe0122269edd60bf570ce90031386c7750e93418ee3eb28a','e795e086fb8668b491b37ff625c2ba0a2cce454d3117c2a37f20a5dcf02999f143d8535fcaa81bce',0,'2021-08-03 00:47:09'),('f4db8ebd4d5b4de2eefe26a83e7f7254a21f652695e5c8b2ec38807ffbc501e6f8488d0d95b193ad','635477efa4cda7702758c96d05c20b1d27c5334cbe4578f676c9d4e490ee2fa731ad1e3b0944302d',0,'2021-05-27 12:16:08'),('f5e98cd1ce2f05c3c795a3ca5ecf7a0e5277d872588fd262f690cc544f0c01a6334107950df71ee7','55cdfb113e4e3b2e5556d9ecdde328db78c7534f3b87e71709ed5d94630f3daeb2f98deb01108d14',0,'2021-05-27 15:50:05'),('f5fa8b1b6d706e09c8d9ab5e86335bc0ad3dc378a9618e6f0ff182bbd8f5b3e3f240c8ec35b1b21d','77fd08a247ea730037c768fbff2090afa3db4f7d7227a4184c5231c7acde45f0373eb1b0e8d69299',0,'2021-08-02 23:36:05'),('f83224a584853dda2524f05d1c1e906a395cbcaad2bc8d7f1245e66704d345bf0819b953ed692325','c827dc7fffce2c5e551e70f28e6d55955346c62b85a46806ab06cf90babc725ffc759a97c2abc3fc',0,'2021-04-27 21:05:28'),('f8b9f224ad8a2b5cfcbe2a4f32889b8eb897ee11ff1b15a51e615955e1b5bab36e26661ac6042396','27123a326eee80aea68f0737d7bc80c35a20a0d1dbbcc4fb711eca0deba7ab686007b4ab9c9ab21d',0,'2022-01-31 08:22:46'),('f910632754e92a78a12d5b675e7760bbbf026429acf7832ba441825bbe3b4b5bf7bc988144892ab5','bc7a81758c07fcfb929fb5e36ac441378ab9474489ee0f9cd1d008f24451d8991c434f9019824607',0,'2021-05-27 12:42:33'),('fa0cb399181496183a75f083616870be5947d88f25c194b98302fa49181d9b355857520a4f44e3fa','8f5e360a8165613eeeac509cd168daa2df215830fae323080c7c111887f8230254d2eee4b1e819dd',0,'2021-08-06 10:54:05'),('fa6148d6d47e65fb7ce21fdd86c87f26da96f8c1807699f0d75cc8ef7b4ed8e68dbada165945cb53','6a5e41e9304ac22f86f9777e7a75284a1621bd1859cbe4179c853410c126b672616aa8de56c2db4d',0,'2022-02-01 07:54:49'),('faa3ecf3d5791f9b4ff06050e79b2bcd7557dde9907cc4f1a997042da935743309c02b580e053b26','bd368bab11084dbc1a487daad6b352dee5c06161d2caed75924fd03302e55652eaa11ae9323f6e4f',0,'2021-05-27 12:54:40'),('fb2eb755240da9890e7f6c7de5febf2fd4f15a3bdaaf81fc99baacf5e078621b80c26b5f7b7efde2','a44fd8b210b1b5bcc7e26c357e83b65677a4cc099713694dca0f124dc9d1cdd5b8647e53c1b34948',0,'2021-08-03 00:54:58'),('fb5261d4596e45bb9aa35dcd519f973d86bdae7d71c63bbde7ec84a83ac81deb1f29b6221dc3c486','dc40bab565bbb252f4ed98afeca8a1226f5281286048ddcc1401bcd804f52a938013ed155f365903',0,'2021-06-17 10:34:06'),('fc6cdfefb598f8f6d117474afb8f16ffba8c8e9b0f2f310022d08133760c4041643b85d3a7f8d608','887c1b9ce840baeb803a4c8cbaa4256d497a1da0b52265793c09ebe409499ebdcca430cdd6c054c4',0,'2021-04-02 19:55:44'),('fd3cdcda89450330b27cf56bf90a9a84dbc1e245fae5da90a973f4a17524d064ed82b9125f065b4e','a5aa70bf94f606a22539f2476032404389200af170c40d8e2e674f65353592dc82944b7751aed2bb',0,'2021-08-10 12:26:31');
/*!40000 ALTER TABLE `oauth_refresh_tokens` ENABLE KEYS */;
UNLOCK TABLES;

--
-- Table structure for table `password_resets`
--

DROP TABLE IF EXISTS `password_resets`;
/*!40101 SET @saved_cs_client     = @@character_set_client */;
/*!50503 SET character_set_client = utf8mb4 */;
CREATE TABLE `password_resets` (
  `email` varchar(255) CHARACTER SET utf8mb4 COLLATE utf8mb4_unicode_ci NOT NULL,
  `token` varchar(255) CHARACTER SET utf8mb4 COLLATE utf8mb4_unicode_ci NOT NULL,
  `created_at` timestamp NULL DEFAULT NULL,
  KEY `password_resets_email_index` (`email`)
) ENGINE=InnoDB DEFAULT CHARSET=utf8mb4 COLLATE=utf8mb4_unicode_ci;
/*!40101 SET character_set_client = @saved_cs_client */;

--
-- Dumping data for table `password_resets`
--

LOCK TABLES `password_resets` WRITE;
/*!40000 ALTER TABLE `password_resets` DISABLE KEYS */;
/*!40000 ALTER TABLE `password_resets` ENABLE KEYS */;
UNLOCK TABLES;

--
-- Table structure for table `pensums`
--

DROP TABLE IF EXISTS `pensums`;
/*!40101 SET @saved_cs_client     = @@character_set_client */;
/*!50503 SET character_set_client = utf8mb4 */;
CREATE TABLE `pensums` (
  `id` int unsigned NOT NULL AUTO_INCREMENT,
  `nombre` varchar(255) CHARACTER SET utf8mb4 COLLATE utf8mb4_unicode_ci NOT NULL,
  `descripcion` varchar(255) CHARACTER SET utf8mb4 COLLATE utf8mb4_unicode_ci DEFAULT NULL,
  `created_at` timestamp NULL DEFAULT NULL,
  `updated_at` timestamp NULL DEFAULT NULL,
  PRIMARY KEY (`id`)
) ENGINE=InnoDB AUTO_INCREMENT=2 DEFAULT CHARSET=utf8mb4 COLLATE=utf8mb4_unicode_ci;
/*!40101 SET character_set_client = @saved_cs_client */;

--
-- Dumping data for table `pensums`
--

LOCK TABLES `pensums` WRITE;
/*!40000 ALTER TABLE `pensums` DISABLE KEYS */;
INSERT INTO `pensums` VALUES (1,'Pensum 2000',NULL,NULL,NULL);
/*!40000 ALTER TABLE `pensums` ENABLE KEYS */;
UNLOCK TABLES;

--
-- Table structure for table `periodos`
--

DROP TABLE IF EXISTS `periodos`;
/*!40101 SET @saved_cs_client     = @@character_set_client */;
/*!50503 SET character_set_client = utf8mb4 */;
CREATE TABLE `periodos` (
  `id` int unsigned NOT NULL AUTO_INCREMENT,
  `nombre` varchar(255) CHARACTER SET utf8mb4 COLLATE utf8mb4_unicode_ci NOT NULL,
  `gestion` varchar(255) CHARACTER SET utf8mb4 COLLATE utf8mb4_unicode_ci NOT NULL,
  `start_date` date NOT NULL,
  `end_date` date NOT NULL,
  `created_at` timestamp NULL DEFAULT NULL,
  `updated_at` timestamp NULL DEFAULT NULL,
  PRIMARY KEY (`id`)
) ENGINE=InnoDB AUTO_INCREMENT=7 DEFAULT CHARSET=utf8mb4 COLLATE=utf8mb4_unicode_ci;
/*!40101 SET character_set_client = @saved_cs_client */;

--
-- Dumping data for table `periodos`
--

LOCK TABLES `periodos` WRITE;
/*!40000 ALTER TABLE `periodos` DISABLE KEYS */;
INSERT INTO `periodos` VALUES (2,'1','2022','2022-02-01','2022-08-31',NULL,'2021-08-10 14:58:46'),(3,'2','2022','2022-09-01','2022-12-30',NULL,'2021-08-10 14:58:28'),(5,'Verano','2022','2022-01-01','2022-01-31',NULL,NULL),(6,'Invierno','2022','2022-07-01','2022-07-30',NULL,NULL);
/*!40000 ALTER TABLE `periodos` ENABLE KEYS */;
UNLOCK TABLES;

--
-- Table structure for table `responsables`
--

DROP TABLE IF EXISTS `responsables`;
/*!40101 SET @saved_cs_client     = @@character_set_client */;
/*!50503 SET character_set_client = utf8mb4 */;
CREATE TABLE `responsables` (
  `id` int unsigned NOT NULL AUTO_INCREMENT,
  `titulo` varchar(10) CHARACTER SET utf8mb4 COLLATE utf8mb4_unicode_ci DEFAULT NULL,
  `nombre` varchar(255) CHARACTER SET utf8mb4 COLLATE utf8mb4_unicode_ci DEFAULT NULL,
  `ap_paterno` varchar(255) CHARACTER SET utf8mb4 COLLATE utf8mb4_unicode_ci NOT NULL,
  `ap_materno` varchar(255) CHARACTER SET utf8mb4 COLLATE utf8mb4_unicode_ci DEFAULT NULL,
  `puesto` varchar(255) CHARACTER SET utf8mb4 COLLATE utf8mb4_unicode_ci NOT NULL,
  `telefono` varchar(10) CHARACTER SET utf8mb4 COLLATE utf8mb4_unicode_ci DEFAULT NULL,
  `email` varchar(100) CHARACTER SET utf8mb4 COLLATE utf8mb4_unicode_ci DEFAULT NULL,
  `descripcion` varchar(255) CHARACTER SET utf8mb4 COLLATE utf8mb4_unicode_ci DEFAULT NULL,
  `foto` varchar(255) CHARACTER SET utf8mb4 COLLATE utf8mb4_unicode_ci DEFAULT NULL,
  `created_at` timestamp NULL DEFAULT NULL,
  `updated_at` timestamp NULL DEFAULT NULL,
  PRIMARY KEY (`id`)
) ENGINE=InnoDB AUTO_INCREMENT=417 DEFAULT CHARSET=utf8mb4 COLLATE=utf8mb4_unicode_ci;
/*!40101 SET character_set_client = @saved_cs_client */;

--
-- Dumping data for table `responsables`
--

LOCK TABLES `responsables` WRITE;
/*!40000 ALTER TABLE `responsables` DISABLE KEYS */;
INSERT INTO `responsables` VALUES (1,'---','Vacante','*Vacante','.....','docente',NULL,NULL,NULL,NULL,NULL,'2021-07-14 02:18:24'),(2,'Ing','Joel','Vega','','admin','73517424',NULL,NULL,NULL,NULL,NULL),(371,'Ing','Juan Alberto','Aguilera','Rios','docente','67080690','j.albertoaguilera@gmail.com',NULL,NULL,NULL,NULL),(372,'Ing','Franz','Alvarez','','docente','69878515','franzalvarezg@gmail.com',NULL,NULL,NULL,NULL),(373,'Ing','Oscar Mauricio','Amestegui','Moreno','docente','70634345','mauricioamestegui@gmail.com',NULL,NULL,NULL,NULL),(374,'Ing','Wilma','Amusquivar','Caballero','docente','73274934','wamusca@yahoo.com',NULL,NULL,NULL,NULL),(375,'Ing','Victor ','Laredo','Antezana','docente','71539950','laredo.victor@gmail.com',NULL,NULL,NULL,NULL),(376,'Ing','Hugo','Balderrama','Barrios','docente','79106826','h.balderramabarrios@gmail.com',NULL,NULL,NULL,NULL),(377,'Ing','Hernán','Borja','Omonte','docente','72050499','hborjao@gmail.com',NULL,NULL,NULL,NULL),(378,'Ing','Teodoro','Busch','Decovice','docente','67349971','teodorobuschdekovice@gmail.com',NULL,NULL,NULL,NULL),(379,'Ing','Gonzalo','Caba','M.','docente','77294845','goncabam@hotmail.com',NULL,NULL,NULL,NULL),(380,'Ing','Iván','Caceres','','docente','','icaceres.etn@gmail.com',NULL,NULL,NULL,NULL),(381,'Ing','Jhonny Wilder','Cala','Vargas','docente','72010402','jhonnycala@gmail.com',NULL,NULL,NULL,NULL),(382,'Ing','Jose','Campero','','docente','67022211','camperojose268@gmail.com',NULL,NULL,NULL,NULL),(383,'Ing','Rosio','Carrasco','','docente','72041417','rjcarrasco@umsa.edu.bo',NULL,NULL,NULL,NULL),(384,'Ing','Daniel Saul','Celis','Laguna','docente','','',NULL,NULL,NULL,NULL),(385,'Ing','Juan Gonzalo','Contreras','Candia','docente','68104882','contrerascjg@gmail.com',NULL,NULL,NULL,NULL),(386,'Ing','Juan Carlos','Duchen','Cuellar','docente','72518041','jcduchen@gmail.com',NULL,NULL,NULL,NULL),(387,'Ing','Wilber','Flores','Bustillo','docente','72565811','wsflores@umsa.bo',NULL,NULL,NULL,NULL),(388,'Ing','Marcelo','Gutierrez','','docente','77296881','mar2g6ut@gmail.com',NULL,NULL,NULL,NULL),(389,'Ing','Edwin Ruben','Huanca','Conde','docente','','cpf.huanca.choque.edwin@gmail.com',NULL,NULL,NULL,NULL),(390,'Ing','Alfonzo','Jurado','','docente','72055151','juradoalfonso05@gmail.com',NULL,NULL,NULL,NULL),(391,'Ing','Jorge','León','Gómez','docente','75272720','',NULL,NULL,NULL,NULL),(392,'Ing','Juan Carlos','Machicao','Aparicio','docente','77527989','juanmachicao@gmail.com',NULL,NULL,NULL,NULL),(393,'Ing','Alejandro Martin','Mayori','Machicao','docente','72034828','ammayori@gmail.com',NULL,NULL,NULL,NULL),(394,'Lic','Luis','Medina','Riveros','docente','70544990','lm21650@hotmail.com',NULL,NULL,NULL,NULL),(395,'Ing','David','Molina','','docente','72550472','eduardomolina2503@gmail.com',NULL,NULL,NULL,NULL),(396,'Ing','Jorge Antonio','Nava','Amador','docente','77225519','janava@umsa.bo',NULL,NULL,NULL,NULL),(397,'Ing','Roberto','Oropeza','Crespo','docente','74070114','robertooropezac@gmail.com',NULL,NULL,NULL,NULL),(398,'Ing','Clifford','Paravicini','Hurtado','docente','77569799','clipar@gmail.com',NULL,NULL,NULL,NULL),(399,'Ing','Ramiro','Puch','Terán','docente','75887633','ramiro.puch@hotmail.com',NULL,NULL,NULL,NULL),(400,'Ing','','Quiroga','','docente','72557658','',NULL,NULL,NULL,NULL),(401,'Ing','Juan Carlos','Quispe','','docente','68121282','juancarlos_quispeapaza@hotmail.com',NULL,NULL,NULL,NULL),(402,'Ing','Marcelo','Ramirez','Molina','docente','78960703','marcelo.ramirez.lpz@gmail.com',NULL,NULL,NULL,NULL),(403,'Ing','Jose Arturo','Rios','','docente','71537214','riosjose29@gmail.com',NULL,NULL,NULL,NULL),(404,'Ing','Luis Armando','Rosas','Rivera','docente','76539685','rosas.luis.armando@gmail.com',NULL,NULL,NULL,NULL),(405,'Ing','Javier','Sanabria','Garcia','docente','70581953','javisanabria@gmail.com',NULL,NULL,NULL,NULL),(406,'Ing','Fabian','Tito','Luque','docente','72532323','fabiantito@gmail.com',NULL,NULL,NULL,NULL),(407,'Ing','Máximo','Torrez','','docente','','motorrez1@umsa.bo',NULL,NULL,NULL,NULL),(408,'Ing','Julio Cesar','Uberhuaga','Conde','docente','77556602','juliouberhuaga@gmail.com',NULL,NULL,NULL,NULL),(409,'Ing','Gerardo','Vicente','Sanchez','docente','79566673','gerardovicente8@gmail.com',NULL,NULL,NULL,NULL),(410,'Ing','Edwin Arce','Villanueva','Santos','docente','77514775','',NULL,NULL,NULL,NULL),(411,'Ing','Roberto','Zambrana','Flores','docente','69701279','rzambrana@gmail.com',NULL,NULL,NULL,NULL),(412,'Lic','Virginia','Zota','Uńo','docente','','vizotau@yahoo.com',NULL,NULL,NULL,NULL),(413,'Ing',NULL,'Bustillos',NULL,'docente',NULL,NULL,NULL,NULL,'2021-03-28 23:34:56','2021-03-28 23:34:56'),(414,'Univ','Joel','Vega',NULL,'auxiliar',NULL,NULL,NULL,NULL,'2021-03-28 23:55:26','2021-03-28 23:55:26'),(415,'Ing',NULL,'Paz',NULL,'docente',NULL,NULL,NULL,NULL,'2021-06-29 16:47:30','2021-06-29 16:47:30'),(416,'Ing',NULL,'Zabala',NULL,'docente',NULL,NULL,NULL,NULL,'2021-06-29 16:49:29','2021-06-29 16:49:29');
/*!40000 ALTER TABLE `responsables` ENABLE KEYS */;
UNLOCK TABLES;

--
-- Table structure for table `semestres`
--

DROP TABLE IF EXISTS `semestres`;
/*!40101 SET @saved_cs_client     = @@character_set_client */;
/*!50503 SET character_set_client = utf8mb4 */;
CREATE TABLE `semestres` (
  `id` int unsigned NOT NULL AUTO_INCREMENT,
  `nombre` varchar(255) CHARACTER SET utf8mb4 COLLATE utf8mb4_unicode_ci NOT NULL,
  `semestre` int unsigned NOT NULL,
  `mencion` varchar(255) CHARACTER SET utf8mb4 COLLATE utf8mb4_unicode_ci DEFAULT NULL,
  `mencion_id` varchar(45) CHARACTER SET utf8mb4 COLLATE utf8mb4_unicode_ci DEFAULT NULL,
  PRIMARY KEY (`id`)
) ENGINE=InnoDB AUTO_INCREMENT=19 DEFAULT CHARSET=utf8mb4 COLLATE=utf8mb4_unicode_ci;
/*!40101 SET character_set_client = @saved_cs_client */;

--
-- Dumping data for table `semestres`
--

LOCK TABLES `semestres` WRITE;
/*!40000 ALTER TABLE `semestres` DISABLE KEYS */;
INSERT INTO `semestres` VALUES (1,'Primer Semestre',1,'general','1'),(2,'Segundo Semestre',2,'general','1'),(3,'Tercer Semestre',3,'general','1'),(4,'Cuarto Semestre',4,'general','1'),(5,'Quinto Semestre',5,'general','1'),(6,'Sexto Semestre',6,'general','1'),(7,'Septimo Semestre',7,'control','2'),(8,'Octavo Semestre',8,'control','2'),(9,'Noveno Semestre',9,'control','2'),(10,'Decimo Semestre',10,'control','2'),(11,'Septimo Semestre',7,'sistemas','3'),(12,'Septimo Semestre',7,'telecom','4'),(13,'Octavo Semestre',8,'sistemas','3'),(14,'Octavo Semestre',8,'telecom','4'),(15,'Noveno Semestre',9,'sistemas','3'),(16,'Noveno Semestre',9,'telecom','4'),(17,'Decimo Semestre',10,'sistemas','3'),(18,'Decimo Semestre',10,'telecom','4');
/*!40000 ALTER TABLE `semestres` ENABLE KEYS */;
UNLOCK TABLES;

--
-- Table structure for table `users`
--

DROP TABLE IF EXISTS `users`;
/*!40101 SET @saved_cs_client     = @@character_set_client */;
/*!50503 SET character_set_client = utf8mb4 */;
CREATE TABLE `users` (
  `id` bigint unsigned NOT NULL AUTO_INCREMENT,
  `name` varchar(255) CHARACTER SET utf8mb4 COLLATE utf8mb4_unicode_ci NOT NULL,
  `email` varchar(255) CHARACTER SET utf8mb4 COLLATE utf8mb4_unicode_ci NOT NULL,
  `password` varchar(255) CHARACTER SET utf8mb4 COLLATE utf8mb4_unicode_ci NOT NULL,
  `tipo` varchar(255) CHARACTER SET utf8mb4 COLLATE utf8mb4_unicode_ci NOT NULL,
  `estado` varchar(255) CHARACTER SET utf8mb4 COLLATE utf8mb4_unicode_ci NOT NULL DEFAULT 'false',
  `remember_token` varchar(100) CHARACTER SET utf8mb4 COLLATE utf8mb4_unicode_ci DEFAULT NULL,
  `responsable_id` int unsigned DEFAULT '0',
  `created_at` timestamp NULL DEFAULT NULL,
  `updated_at` timestamp NULL DEFAULT NULL,
  `email_verified_at` timestamp NULL DEFAULT NULL,
  PRIMARY KEY (`id`),
  UNIQUE KEY `users_email_unique` (`email`),
  KEY `users_responsable_id_foreign` (`responsable_id`),
  CONSTRAINT `users_responsable_id_foreign` FOREIGN KEY (`responsable_id`) REFERENCES `responsables` (`id`) ON DELETE CASCADE
) ENGINE=InnoDB AUTO_INCREMENT=43 DEFAULT CHARSET=utf8mb4 COLLATE=utf8mb4_unicode_ci;
/*!40101 SET character_set_client = @saved_cs_client */;

--
-- Dumping data for table `users`
--

LOCK TABLES `users` WRITE;
/*!40000 ALTER TABLE `users` DISABLE KEYS */;
INSERT INTO `users` VALUES (1,'estudiante','estudiante@gmail.com','$2y$10$bdsYPqHY3MNYK.KlORrPq.QyKp.fVizmmqJZ8ZagpIAXdj89qWB1u','estudiante','true',NULL,1,NULL,NULL,NULL),(16,'joel','admin@mail.com','$2y$10$bdsYPqHY3MNYK.KlORrPq.QyKp.fVizmmqJZ8ZagpIAXdj89qWB1u','administrativo','true','',2,'2021-03-03 22:34:42','2021-03-03 22:34:42',NULL),(21,'Docente Joel','docente@mail.com','$2y$10$bdsYPqHY3MNYK.KlORrPq.QyKp.fVizmmqJZ8ZagpIAXdj89qWB1u','docente','true',NULL,1,'2021-03-03 23:34:29','2021-07-14 06:19:18',NULL),(36,'Joel Pablo Vega Cruz','joel5vega@gmail.com','$2y$10$Z0SqsY2mazpojxngUxLzeOM9MlGCOFyu1HaSPdAeMRTWl8on1fZz2','docente','true',NULL,1,'2021-07-14 06:03:08','2021-07-14 11:29:32',NULL),(37,'New','new@mail.com','$2y$10$I9byPhpBpdEk1Or/ACgiwuwFsvAwJs.p.iwlwnaQ2nsxTVvSIq27u','docente','false',NULL,1,'2021-08-13 03:18:55','2021-08-13 03:18:55',NULL);
/*!40000 ALTER TABLE `users` ENABLE KEYS */;
UNLOCK TABLES;

--
-- Current Database: `horarios`
--

USE `horarios`;

--
-- Final view structure for view `datos`
--

/*!50001 DROP VIEW IF EXISTS `datos`*/;
/*!50001 SET @saved_cs_client          = @@character_set_client */;
/*!50001 SET @saved_cs_results         = @@character_set_results */;
/*!50001 SET @saved_col_connection     = @@collation_connection */;
/*!50001 SET character_set_client      = utf8mb4 */;
/*!50001 SET character_set_results     = utf8mb4 */;
/*!50001 SET collation_connection      = utf8mb4_0900_ai_ci */;
/*!50001 CREATE ALGORITHM=UNDEFINED */
/*!50013 DEFINER=`root`@`localhost` SQL SECURITY DEFINER */
/*!50001 VIEW `datos` AS select `clases`.`id` AS `id`,`clases`.`id` AS `groupId`,`materias`.`nombre` AS `materia`,`materias`.`sigla` AS `title`,`materias`.`semestre` AS `semestre`,`materias`.`tipo` AS `tipo`,`clases`.`paralelo` AS `paralelo`,`clases`.`nivel` AS `nivel`,`responsables`.`titulo` AS `tituloResponsable`,`responsables`.`ap_paterno` AS `responsable`,`ambientes`.`nombre` AS `ambiente`,`ambientes`.`tipo` AS `tipoAmbiente`,`ambientes`.`capacidad` AS `capacidad`,`clases`.`dia` AS `daysOfWeek`,`clases`.`hora_ini` AS `startTime`,`clases`.`hora_fin` AS `endTime`,`periodos`.`nombre` AS `periodo`,`periodos`.`start_date` AS `startDate`,`periodos`.`end_date` AS `endDate`,`clases`.`color` AS `color`,`clases`.`ambiente_id` AS `ambiente_id`,`clases`.`periodo_id` AS `periodo_id`,`clases`.`responsable_id` AS `responsable_id`,`clases`.`materia_id` AS `materia_id`,`clases`.`estado` AS `estado`,`clases`.`deleted_at` AS `deleted` from ((((`clases` join `materias` on((`materias`.`id` = `clases`.`materia_id`))) join `responsables` on((`responsables`.`id` = `clases`.`responsable_id`))) join `ambientes` on((`ambientes`.`id` = `clases`.`ambiente_id`))) join `periodos` on((`periodos`.`id` = `clases`.`periodo_id`))) */;
/*!50001 SET character_set_client      = @saved_cs_client */;
/*!50001 SET character_set_results     = @saved_cs_results */;
/*!50001 SET collation_connection      = @saved_col_connection */;
/*!40103 SET TIME_ZONE=@OLD_TIME_ZONE */;

/*!40101 SET SQL_MODE=@OLD_SQL_MODE */;
/*!40014 SET FOREIGN_KEY_CHECKS=@OLD_FOREIGN_KEY_CHECKS */;
/*!40014 SET UNIQUE_CHECKS=@OLD_UNIQUE_CHECKS */;
/*!40101 SET CHARACTER_SET_CLIENT=@OLD_CHARACTER_SET_CLIENT */;
/*!40101 SET CHARACTER_SET_RESULTS=@OLD_CHARACTER_SET_RESULTS */;
/*!40101 SET COLLATION_CONNECTION=@OLD_COLLATION_CONNECTION */;
/*!40111 SET SQL_NOTES=@OLD_SQL_NOTES */;

-- Dump completed on 2022-03-10 13:53:30
